task_count,completed_tasks,pending_tasks,team_size,average_completion_time,resource_allocation,historical_delays,blocker_count,predicted_delay_days,risk_level
112,14,98,9,6.5,2.18,2.0,2,9.8,HIGH
189,49,140,22,12.5,1.27,0.1,1,2.6,MEDIUM
102,72,30,26,35.6,0.23,4.0,3,11.1,HIGH
24,13,11,12,16.2,0.18,0.2,0,0.0,LOW
116,19,97,7,25.7,2.77,3.0,2,14.2,HIGH
81,68,13,9,30.8,0.29,4.7,1,5.0,MEDIUM
198,80,118,11,43.2,2.15,0.4,2,14.1,HIGH
30,23,7,25,43.3,0.06,2.2,6,16.6,HIGH
112,85,27,4,37.3,1.35,4.5,0,7.9,HIGH
131,80,51,24,7.5,0.42,0.9,0,2.0,LOW
84,41,43,15,30.2,0.57,0.5,4,9.6,HIGH
97,90,7,24,39.0,0.06,1.2,1,5.9,MEDIUM
126,22,104,15,6.7,1.39,2.4,0,3.8,MEDIUM
109,76,33,11,29.1,0.6,2.6,2,8.2,HIGH
113,25,88,13,42.0,1.35,0.4,6,15.4,HIGH
161,57,104,7,25.9,2.97,1.8,2,16.6,HIGH
140,45,95,13,6.2,1.46,0.9,2,7.0,MEDIUM
159,143,16,24,6.5,0.13,5.5,2,6.2,MEDIUM
62,57,5,15,23.5,0.07,1.1,2,3.3,MEDIUM
11,2,9,3,12.5,0.6,5.5,3,7.8,HIGH
97,6,91,10,33.9,1.82,1.7,3,13.9,HIGH
167,116,51,11,35.8,0.93,3.9,1,8.5,HIGH
47,20,27,27,13.5,0.2,2.1,1,5.0,MEDIUM
139,18,121,18,43.3,1.34,2.9,0,7.6,HIGH
197,131,66,18,24.6,0.73,1.5,3,5.9,MEDIUM
30,16,14,4,12.0,0.7,4.4,3,7.6,HIGH
170,158,12,20,38.1,0.12,1.7,2,4.3,MEDIUM
67,17,50,2,39.2,5.0,1.8,2,30.0,HIGH
31,12,19,13,32.9,0.29,2.2,2,7.3,HIGH
98,52,46,8,41.8,1.15,5.3,3,13.9,HIGH
58,44,14,5,37.0,0.56,3.2,2,9.6,HIGH
68,36,32,11,43.1,0.58,1.3,3,11.9,HIGH
179,107,72,14,24.2,1.03,3.3,3,6.6,MEDIUM
197,49,148,3,37.4,9.87,3.1,2,45.0,HIGH
24,19,5,11,48.0,0.09,8.0,2,10.5,HIGH
199,86,113,22,36.4,1.03,5.5,3,12.0,HIGH
199,35,164,23,10.8,1.43,3.1,2,7.9,HIGH
184,119,65,26,27.8,0.5,1.3,2,6.8,MEDIUM
199,48,151,5,30.7,6.04,4.5,3,36.2,HIGH
60,8,52,19,13.3,0.55,2.6,4,6.8,MEDIUM
117,96,21,6,46.4,0.7,12.7,5,18.3,HIGH
64,29,35,20,13.4,0.35,0.9,4,7.2,HIGH
73,52,21,3,13.5,1.4,0.2,1,4.6,MEDIUM
140,43,97,13,44.4,1.49,0.2,2,10.3,HIGH
60,45,15,18,25.5,0.17,3.1,1,5.0,MEDIUM
144,21,123,11,8.7,2.24,8.4,5,17.2,HIGH
30,11,19,3,31.1,1.27,0.0,4,10.9,HIGH
82,76,6,7,31.3,0.17,3.9,0,4.8,MEDIUM
176,134,42,9,8.7,0.93,3.2,3,8.4,HIGH
27,13,14,20,46.8,0.14,4.0,4,12.5,HIGH
141,50,91,12,28.8,1.52,1.3,4,11.9,HIGH
98,81,17,26,29.5,0.13,5.2,1,5.4,MEDIUM
69,37,32,13,27.8,0.49,0.1,2,5.7,MEDIUM
23,16,7,10,31.7,0.14,4.2,3,8.5,HIGH
18,13,5,3,17.1,0.33,0.9,3,5.6,MEDIUM
99,6,93,9,18.1,2.07,1.9,2,11.0,HIGH
62,10,52,27,27.5,0.39,5.2,3,9.8,HIGH
139,89,50,12,39.9,0.83,0.9,5,12.2,HIGH
93,18,75,29,8.1,0.52,0.6,3,8.4,HIGH
101,28,73,22,31.3,0.66,3.4,5,12.5,HIGH
120,108,12,5,39.9,0.48,2.3,4,12.5,HIGH
197,109,88,11,12.6,1.6,2.2,0,3.5,MEDIUM
181,131,50,22,6.6,0.45,0.9,1,4.7,MEDIUM
17,9,8,21,19.1,0.08,0.1,4,7.7,HIGH
184,100,84,17,30.7,0.99,1.6,2,8.7,HIGH
44,5,39,9,11.8,0.87,0.3,0,1.9,LOW
90,32,58,5,23.9,2.32,7.1,5,17.5,HIGH
173,52,121,11,29.2,2.2,0.1,2,14.3,HIGH
59,23,36,13,31.2,0.55,1.7,2,8.4,HIGH
113,86,27,15,17.5,0.36,0.2,0,0.7,LOW
141,54,87,17,22.8,1.02,0.3,1,5.6,MEDIUM
11,5,6,23,38.7,0.05,3.2,1,4.8,MEDIUM
143,58,85,19,45.5,0.89,3.1,2,8.6,HIGH
63,8,55,22,42.2,0.5,0.1,3,9.9,HIGH
115,51,64,23,29.7,0.56,0.0,2,5.6,MEDIUM
13,2,11,22,23.2,0.1,0.2,5,8.8,HIGH
63,13,50,13,20.0,0.77,4.3,2,7.2,HIGH
155,20,135,19,11.2,1.42,2.6,2,6.0,MEDIUM
53,19,34,8,10.5,0.85,0.1,0,1.9,LOW
171,125,46,21,34.9,0.44,2.0,2,6.5,MEDIUM
199,59,140,25,16.9,1.12,3.7,0,5.4,MEDIUM
23,7,16,24,16.7,0.13,6.1,2,5.9,MEDIUM
104,65,39,8,47.9,0.98,8.2,2,14.1,HIGH
57,12,45,10,13.9,0.9,1.2,4,6.8,MEDIUM
24,20,4,2,12.2,0.4,0.4,3,6.6,MEDIUM
199,103,96,27,10.1,0.71,0.8,6,13.3,HIGH
49,22,27,7,30.4,0.77,4.5,5,13.8,HIGH
91,50,41,7,32.4,1.17,10.7,2,13.2,HIGH
120,23,97,23,21.3,0.84,1.9,0,3.2,MEDIUM
62,37,25,13,28.5,0.38,1.1,3,8.4,HIGH
33,12,21,23,39.1,0.18,1.7,4,12.9,HIGH
163,139,24,13,40.4,0.37,1.1,2,10.8,HIGH
197,39,158,11,46.2,2.87,0.9,2,19.0,HIGH
133,67,66,24,40.6,0.55,2.7,3,9.6,HIGH
50,29,21,27,29.7,0.16,0.0,2,6.4,MEDIUM
166,13,153,7,13.5,4.37,0.9,3,22.1,HIGH
24,9,15,18,10.2,0.17,3.2,3,5.7,MEDIUM
54,38,16,20,8.3,0.16,0.1,3,4.6,MEDIUM
74,58,16,19,34.0,0.17,0.3,3,10.4,HIGH
98,32,66,7,39.9,1.89,1.0,1,12.7,HIGH
80,61,19,25,27.4,0.15,6.3,3,10.8,HIGH
18,16,2,20,8.3,0.02,4.3,2,5.9,MEDIUM
97,79,18,11,28.5,0.33,0.1,3,6.4,MEDIUM
138,21,117,25,45.3,0.94,2.1,1,9.2,HIGH
145,103,42,9,31.1,0.93,1.0,2,10.2,HIGH
72,24,48,22,40.0,0.44,3.1,3,11.2,HIGH
148,139,9,25,39.6,0.07,3.8,2,9.7,HIGH
90,43,47,7,45.1,1.34,6.0,2,11.1,HIGH
145,23,122,22,38.3,1.11,1.9,3,12.3,HIGH
172,120,52,26,37.4,0.4,15.6,2,12.3,HIGH
172,58,114,8,15.8,2.85,11.7,3,19.7,HIGH
42,39,3,25,8.5,0.02,6.4,4,10.7,HIGH
132,122,10,2,27.7,1.0,2.6,2,8.7,HIGH
14,8,6,28,11.2,0.04,1.5,4,8.1,HIGH
50,8,42,19,46.4,0.44,1.4,2,9.1,HIGH
37,24,13,25,18.2,0.1,0.0,2,1.4,LOW
144,19,125,29,41.8,0.86,0.9,0,5.1,MEDIUM
81,6,75,26,22.3,0.58,3.8,1,6.2,MEDIUM
21,16,5,21,19.6,0.05,2.8,3,7.0,MEDIUM
171,40,131,13,45.3,2.02,7.4,3,20.2,HIGH
42,16,26,17,21.3,0.31,0.2,4,8.1,HIGH
57,52,5,11,22.4,0.09,0.5,5,8.3,HIGH
160,56,104,28,10.5,0.74,4.7,0,3.5,MEDIUM
71,22,49,11,34.2,0.89,1.3,3,11.2,HIGH
46,40,6,15,18.1,0.08,0.4,3,3.4,MEDIUM
108,16,92,26,30.6,0.71,16.9,4,17.4,HIGH
181,132,49,21,30.8,0.47,4.6,1,5.2,MEDIUM
113,106,7,11,36.2,0.13,1.6,4,10.6,HIGH
44,37,7,11,37.3,0.13,5.2,1,8.0,HIGH
110,70,40,27,27.6,0.3,3.4,2,7.6,HIGH
184,61,123,26,19.9,0.95,4.7,4,12.6,HIGH
140,39,101,12,41.2,1.68,5.1,4,16.8,HIGH
10,7,3,24,19.0,0.02,0.3,6,10.8,HIGH
14,11,3,3,27.3,0.2,2.9,4,10.4,HIGH
151,78,73,26,22.9,0.56,0.0,4,7.5,HIGH
112,30,82,21,41.9,0.78,0.1,0,5.5,MEDIUM
36,5,31,9,24.1,0.69,7.0,3,7.4,HIGH
146,18,128,24,22.2,1.07,2.2,2,7.9,HIGH
24,16,8,8,35.0,0.2,4.0,1,3.2,MEDIUM
99,42,57,9,31.3,1.27,5.5,2,11.6,HIGH
51,44,7,2,10.5,0.7,9.0,3,12.0,HIGH
133,95,38,22,27.3,0.35,6.1,2,8.7,HIGH
188,41,147,3,36.9,9.8,2.0,2,45.0,HIGH
72,43,29,19,47.7,0.31,1.2,1,9.0,HIGH
105,46,59,16,32.4,0.74,0.5,3,8.6,HIGH
61,34,27,2,21.6,2.7,1.5,2,12.8,HIGH
105,74,31,6,15.5,1.03,1.4,4,9.2,HIGH
141,109,32,3,42.7,2.13,2.5,1,12.4,HIGH
160,129,31,21,40.2,0.3,3.3,2,8.9,HIGH
152,42,110,4,15.8,5.5,11.5,1,30.9,HIGH
180,14,166,20,14.4,1.66,3.9,2,8.4,HIGH
38,27,11,19,36.0,0.12,3.1,2,6.8,MEDIUM
45,6,39,23,19.2,0.34,1.2,2,2.3,MEDIUM
22,7,15,19,18.9,0.16,0.1,3,5.4,MEDIUM
169,9,160,15,12.4,2.13,1.0,2,9.8,HIGH
80,53,27,25,17.1,0.22,4.4,2,5.2,MEDIUM
196,39,157,9,24.0,3.49,0.7,2,19.4,HIGH
95,60,35,13,36.8,0.54,3.7,5,16.2,HIGH
37,34,3,22,20.1,0.03,2.6,2,4.5,MEDIUM
75,8,67,11,19.8,1.22,0.6,1,5.6,MEDIUM
179,21,158,24,18.0,1.32,0.9,1,5.5,MEDIUM
54,19,35,21,26.1,0.33,2.1,2,7.7,HIGH
71,58,13,18,13.6,0.14,1.6,5,7.9,HIGH
194,47,147,12,26.4,2.45,4.5,4,17.0,HIGH
143,53,90,3,35.6,6.0,4.0,2,33.7,HIGH
37,4,33,27,7.3,0.24,2.6,4,5.3,MEDIUM
37,27,10,27,6.4,0.07,5.2,0,2.2,MEDIUM
117,48,69,5,9.2,2.76,2.5,6,19.3,HIGH
53,38,15,2,28.5,1.5,10.0,4,16.0,HIGH
93,80,13,16,41.9,0.16,0.7,4,8.1,HIGH
39,10,29,14,6.2,0.41,3.8,2,5.6,MEDIUM
199,154,45,9,45.3,1.0,1.4,1,8.5,HIGH
84,8,76,26,10.5,0.58,1.0,2,4.3,MEDIUM
137,117,20,5,41.4,0.8,0.6,1,8.6,HIGH
101,64,37,11,26.3,0.67,2.4,1,4.7,MEDIUM
199,166,33,20,33.7,0.33,0.7,1,5.6,MEDIUM
138,6,132,19,27.4,1.39,0.7,5,12.4,HIGH
130,26,104,6,26.0,3.47,14.0,2,26.0,HIGH
36,14,22,20,41.1,0.22,4.9,5,14.1,HIGH
199,77,122,27,37.7,0.9,4.1,5,15.7,HIGH
130,33,97,24,26.3,0.81,4.7,2,9.2,HIGH
125,49,76,28,10.7,0.54,10.4,5,14.8,HIGH
12,1,11,23,10.8,0.1,2.6,5,9.4,HIGH
112,47,65,17,39.7,0.76,0.7,2,7.2,HIGH
164,126,38,2,28.2,3.8,5.9,3,25.0,HIGH
146,70,76,13,26.2,1.17,4.1,2,9.3,HIGH
71,4,67,25,34.6,0.54,1.6,3,5.8,MEDIUM
174,74,100,3,42.1,6.67,1.9,5,41.2,HIGH
60,4,56,22,32.4,0.51,1.6,2,8.3,HIGH
181,166,15,26,38.0,0.12,8.0,5,16.5,HIGH
161,26,135,9,38.1,3.0,1.3,5,23.0,HIGH
68,46,22,19,21.0,0.23,9.9,3,11.0,HIGH
127,117,10,26,17.5,0.08,7.2,5,11.4,HIGH
169,134,35,17,39.6,0.41,3.0,2,8.9,HIGH
105,71,34,6,21.8,1.13,2.6,6,13.9,HIGH
189,152,37,27,43.9,0.27,1.4,4,11.9,HIGH
122,113,9,23,8.9,0.08,0.1,0,0.7,LOW
71,43,28,14,8.4,0.4,0.4,4,7.0,MEDIUM
195,107,88,20,44.9,0.88,4.2,2,12.7,HIGH
61,37,24,4,33.2,1.2,1.9,3,9.6,HIGH
21,11,10,27,21.9,0.07,0.5,2,6.5,MEDIUM
48,29,19,9,37.7,0.42,0.9,2,7.5,HIGH
139,63,76,28,34.2,0.54,8.9,2,10.7,HIGH
140,34,106,27,28.3,0.79,1.4,3,8.2,HIGH
122,19,103,27,10.2,0.76,7.1,2,8.2,HIGH
110,12,98,13,40.1,1.51,1.1,0,7.0,MEDIUM
122,35,87,3,42.4,5.8,2.4,6,39.9,HIGH
193,17,176,12,13.2,2.93,0.1,2,14.9,HIGH
90,50,40,13,41.7,0.62,2.2,0,7.5,HIGH
196,59,137,29,42.9,0.94,3.0,3,10.9,HIGH
122,96,26,19,29.1,0.27,0.8,1,5.5,MEDIUM
11,1,10,14,33.6,0.14,2.6,0,5.5,MEDIUM
139,35,104,6,22.1,3.47,3.1,2,16.9,HIGH
63,44,19,23,17.8,0.17,3.5,2,4.2,MEDIUM
96,56,40,13,36.3,0.62,4.5,2,10.9,HIGH
138,14,124,3,42.2,8.27,1.1,3,45.0,HIGH
156,130,26,6,33.5,0.87,2.5,3,12.4,HIGH
135,113,22,8,27.5,0.55,12.0,1,9.1,HIGH
139,48,91,27,12.7,0.67,6.9,3,8.4,HIGH
62,22,40,27,8.2,0.3,9.2,1,7.6,HIGH
181,170,11,25,24.7,0.09,1.5,3,5.9,MEDIUM
169,103,66,13,8.1,1.02,4.6,3,8.6,HIGH
169,89,80,17,29.9,0.94,2.9,5,14.0,HIGH
77,61,16,24,22.1,0.13,0.3,1,3.7,MEDIUM
192,58,134,9,37.8,2.98,5.2,5,23.5,HIGH
193,84,109,29,18.8,0.75,3.4,2,7.0,MEDIUM
132,38,94,10,30.9,1.88,0.7,1,9.1,HIGH
154,117,37,16,28.6,0.46,0.2,1,2.6,MEDIUM
47,26,21,6,6.2,0.7,5.4,3,8.0,HIGH
33,21,12,14,9.0,0.17,0.2,5,6.5,MEDIUM
78,21,57,6,18.2,1.9,0.3,1,6.7,MEDIUM
125,31,94,12,43.1,1.57,1.7,3,11.8,HIGH
107,52,55,11,12.2,1.0,0.4,4,9.7,HIGH
148,105,43,21,35.9,0.41,7.3,2,10.4,HIGH
153,79,74,14,46.9,1.06,1.9,1,11.2,HIGH
106,8,98,10,39.2,1.96,2.5,4,15.6,HIGH
133,110,23,22,16.2,0.21,7.9,3,8.6,HIGH
196,21,175,15,44.2,2.33,2.3,3,16.4,HIGH
79,71,8,19,9.9,0.08,1.3,2,3.2,MEDIUM
102,7,95,16,25.7,1.19,4.8,0,5.6,MEDIUM
12,8,4,11,43.3,0.07,1.8,3,12.1,HIGH
157,19,138,25,32.9,1.1,1.2,4,12.3,HIGH
196,170,26,8,23.4,0.65,3.9,4,10.4,HIGH
173,80,93,9,18.3,2.07,4.9,3,14.8,HIGH
156,27,129,29,21.8,0.89,4.7,5,13.6,HIGH
99,35,64,4,27.4,3.2,11.4,4,24.9,HIGH
156,30,126,16,19.4,1.58,4.6,0,6.9,MEDIUM
157,31,126,17,46.7,1.48,4.4,3,14.1,HIGH
105,94,11,5,45.2,0.44,5.8,1,12.9,HIGH
61,27,34,22,42.6,0.31,0.0,3,10.9,HIGH
170,129,41,7,23.7,1.17,1.4,2,7.1,HIGH
177,110,67,2,35.0,6.7,4.0,4,42.4,HIGH
137,90,47,5,43.9,1.88,2.7,1,12.9,HIGH
48,8,40,12,41.7,0.67,0.6,8,18.7,HIGH
91,23,68,13,23.4,1.05,1.1,1,6.1,MEDIUM
113,85,28,27,10.7,0.21,1.2,2,3.2,MEDIUM
138,127,11,6,9.2,0.37,2.5,4,7.7,HIGH
20,5,15,24,30.2,0.12,5.3,3,11.3,HIGH
194,57,137,22,33.0,1.25,8.1,5,16.8,HIGH
187,88,99,17,41.7,1.16,4.2,2,10.5,HIGH
160,149,11,14,18.3,0.16,5.6,3,7.6,HIGH
168,49,119,14,13.0,1.7,1.9,2,7.7,HIGH
51,21,30,18,21.9,0.33,1.5,4,9.7,HIGH
108,92,16,28,20.9,0.11,1.5,4,7.3,HIGH
16,0,16,8,11.6,0.4,2.9,2,5.3,MEDIUM
153,13,140,9,34.2,3.11,0.4,1,15.5,HIGH
99,58,41,14,27.4,0.59,2.6,2,9.9,HIGH
121,104,17,24,36.3,0.14,3.3,1,7.0,MEDIUM
69,18,51,28,20.8,0.36,1.7,7,14.1,HIGH
122,57,65,17,19.7,0.76,9.2,1,8.4,HIGH
11,5,6,5,25.8,0.24,2.8,3,7.5,HIGH
138,65,73,9,42.9,1.62,0.7,2,13.3,HIGH
57,34,23,17,7.7,0.27,2.0,1,2.9,MEDIUM
149,70,79,22,39.8,0.72,3.4,4,15.1,HIGH
46,20,26,11,21.5,0.47,1.2,5,10.0,HIGH
169,80,89,26,41.9,0.68,0.2,2,9.6,HIGH
18,10,8,13,39.7,0.12,2.6,4,11.5,HIGH
108,57,51,13,20.6,0.78,8.9,4,12.7,HIGH
156,127,29,27,35.1,0.21,2.0,3,7.0,MEDIUM
57,5,52,6,12.7,1.73,7.1,1,7.9,HIGH
140,111,29,17,43.6,0.34,5.4,3,13.7,HIGH
157,127,30,2,23.0,3.0,0.5,2,14.2,HIGH
161,49,112,29,25.1,0.77,3.7,2,8.9,HIGH
63,29,34,10,35.6,0.68,1.7,2,11.5,HIGH
129,57,72,13,40.5,1.11,0.9,3,12.0,HIGH
170,41,129,6,15.9,4.3,3.5,1,23.6,HIGH
161,65,96,23,33.8,0.83,4.1,1,8.6,HIGH
125,11,114,21,22.5,1.09,0.6,2,7.2,HIGH
84,25,59,23,21.5,0.51,7.4,4,11.8,HIGH
122,95,27,29,35.0,0.19,4.2,2,7.9,HIGH
173,52,121,25,22.3,0.97,8.1,4,12.5,HIGH
175,137,38,4,20.5,1.9,1.1,2,9.2,HIGH
113,59,54,6,41.1,1.8,8.4,1,14.2,HIGH
93,78,15,3,10.3,1.0,1.4,4,11.9,HIGH
121,68,53,15,34.4,0.71,0.2,3,10.9,HIGH
108,8,100,3,16.4,6.67,4.3,4,38.9,HIGH
162,106,56,14,6.7,0.8,3.6,1,5.6,MEDIUM
102,9,93,8,13.0,2.33,2.7,1,10.3,HIGH
155,70,85,11,31.5,1.55,2.0,3,13.3,HIGH
137,121,16,14,35.8,0.23,0.1,1,3.2,MEDIUM
119,23,96,17,6.9,1.13,2.9,6,15.6,HIGH
91,36,55,27,7.5,0.41,1.6,4,7.3,HIGH
63,44,19,15,43.9,0.25,2.5,1,6.9,MEDIUM
172,145,27,12,9.1,0.45,1.7,4,6.6,MEDIUM
198,129,69,11,43.6,1.25,10.1,0,11.2,HIGH
178,50,128,7,15.6,3.66,2.8,3,19.8,HIGH
170,111,59,5,37.1,2.36,4.1,2,17.3,HIGH
77,24,53,22,19.0,0.48,8.3,4,12.1,HIGH
42,29,13,2,42.1,1.3,2.7,2,10.3,HIGH
151,137,14,8,35.4,0.35,0.0,5,10.6,HIGH
30,20,10,25,22.9,0.08,0.1,0,0.5,LOW
57,47,10,10,9.2,0.2,3.6,1,2.4,MEDIUM
157,8,149,9,36.8,3.31,1.0,2,19.3,HIGH
137,95,42,6,31.9,1.4,2.6,4,12.0,HIGH
145,115,30,20,6.1,0.3,0.7,1,4.0,MEDIUM
144,12,132,11,6.4,2.4,0.9,2,11.1,HIGH
154,128,26,12,40.0,0.43,2.1,3,10.9,HIGH
137,38,99,26,16.9,0.76,11.1,2,10.2,HIGH
42,27,15,16,32.7,0.19,2.9,3,6.7,MEDIUM
185,142,43,7,25.1,1.23,8.3,2,11.5,HIGH
196,126,70,16,42.3,0.88,9.6,1,9.3,HIGH
124,16,108,6,44.5,3.6,0.7,2,21.2,HIGH
128,75,53,20,47.9,0.53,1.1,5,15.2,HIGH
31,16,15,23,12.5,0.13,4.4,1,3.8,MEDIUM
167,143,24,20,42.2,0.24,6.0,1,8.1,HIGH
47,19,28,11,17.2,0.51,2.2,3,4.9,MEDIUM
118,39,79,13,30.8,1.22,15.0,2,15.3,HIGH
60,43,17,23,27.2,0.15,0.0,2,5.7,MEDIUM
191,80,111,5,6.8,4.44,1.1,1,19.8,HIGH
17,10,7,19,45.2,0.07,2.9,4,10.9,HIGH
36,22,14,17,9.3,0.16,1.9,1,4.0,MEDIUM
36,30,6,9,34.9,0.13,0.4,0,3.7,MEDIUM
30,17,13,5,39.0,0.52,1.4,2,6.7,MEDIUM
39,19,20,26,39.4,0.15,0.1,3,7.8,HIGH
106,18,88,24,11.7,0.73,3.1,2,8.4,HIGH
37,5,32,13,24.8,0.49,6.7,1,7.9,HIGH
120,22,98,3,40.8,6.53,6.5,4,42.5,HIGH
70,14,56,5,18.7,2.24,3.6,2,12.3,HIGH
57,35,22,6,25.6,0.73,1.9,2,4.4,MEDIUM
156,111,45,4,17.5,2.25,2.2,0,10.0,HIGH
13,6,7,10,25.5,0.14,0.4,1,3.0,MEDIUM
44,35,9,22,43.3,0.08,1.3,4,10.2,HIGH
58,54,4,19,25.1,0.04,0.6,1,4.2,MEDIUM
26,20,6,12,29.3,0.1,5.2,5,11.6,HIGH
181,122,59,4,23.0,2.95,7.4,1,14.4,HIGH
167,88,79,26,25.3,0.61,2.3,3,9.0,HIGH
55,24,31,24,6.6,0.26,3.9,3,5.1,MEDIUM
126,15,111,3,17.9,7.4,0.4,4,41.1,HIGH
15,6,9,10,24.3,0.18,2.8,2,6.4,MEDIUM
108,93,15,15,32.6,0.2,3.6,2,7.2,HIGH
133,103,30,5,24.9,1.2,1.8,2,7.6,HIGH
46,11,35,10,20.2,0.7,0.8,2,7.6,HIGH
33,15,18,14,22.3,0.26,6.3,4,12.3,HIGH
102,80,22,19,16.2,0.23,4.1,4,7.5,HIGH
55,6,49,16,44.8,0.61,6.9,3,12.5,HIGH
190,75,115,29,27.9,0.79,5.1,0,5.0,MEDIUM
104,84,20,11,6.6,0.36,13.9,5,14.3,HIGH
108,44,64,17,6.8,0.75,0.6,1,3.4,MEDIUM
197,23,174,13,46.9,2.68,0.3,1,18.0,HIGH
125,67,58,21,15.3,0.55,1.2,1,3.1,MEDIUM
169,139,30,6,39.8,1.0,0.4,5,12.7,HIGH
170,98,72,3,8.4,4.8,2.2,2,24.1,HIGH
76,19,57,11,44.7,1.04,3.0,1,9.9,HIGH
137,54,83,2,42.7,8.3,2.6,0,43.8,HIGH
27,12,15,8,30.0,0.38,0.9,1,5.3,MEDIUM
34,19,15,27,6.4,0.11,7.2,2,6.0,MEDIUM
63,46,17,18,16.8,0.19,0.1,3,6.3,MEDIUM
67,9,58,17,23.1,0.68,1.3,1,4.6,MEDIUM
76,64,12,28,25.3,0.09,3.8,0,1.7,LOW
113,6,107,28,18.5,0.76,4.4,8,16.2,HIGH
183,70,113,25,7.4,0.9,1.6,5,13.3,HIGH
33,2,31,4,30.8,1.55,0.1,2,10.6,HIGH
123,49,74,15,28.0,0.99,2.9,2,7.0,MEDIUM
41,21,20,11,17.9,0.36,0.2,3,8.1,HIGH
184,93,91,23,7.6,0.79,0.3,0,2.1,MEDIUM
95,18,77,8,47.8,1.92,3.2,1,12.7,HIGH
160,100,60,27,26.2,0.44,1.1,3,7.4,HIGH
136,12,124,18,37.8,1.38,1.3,0,7.0,MEDIUM
164,120,44,7,25.0,1.26,2.0,4,12.7,HIGH
139,125,14,24,7.8,0.12,11.5,2,8.3,HIGH
26,9,17,23,19.0,0.15,10.1,3,10.0,HIGH
113,58,55,5,19.4,2.2,1.6,2,12.9,HIGH
170,66,104,18,41.2,1.16,0.9,0,6.3,MEDIUM
146,8,138,28,33.5,0.99,1.1,3,10.4,HIGH
52,20,32,10,17.6,0.64,0.9,3,7.4,HIGH
185,141,44,5,46.6,1.76,2.3,3,15.2,HIGH
48,28,20,8,19.5,0.5,2.8,2,6.6,MEDIUM
179,25,154,24,47.9,1.28,2.0,3,12.4,HIGH
35,28,7,3,47.8,0.47,1.6,3,12.4,HIGH
108,57,51,18,14.0,0.57,0.7,3,5.7,MEDIUM
59,47,12,25,19.1,0.1,2.0,4,8.4,HIGH
162,92,70,9,26.4,1.56,1.3,1,7.6,HIGH
161,89,72,24,33.9,0.6,2.3,0,4.1,MEDIUM
22,3,19,16,28.2,0.24,3.4,3,10.5,HIGH
69,13,56,16,46.7,0.7,3.0,4,15.8,HIGH
144,133,11,9,36.4,0.24,1.9,3,8.1,HIGH
66,16,50,17,14.9,0.59,2.4,2,6.4,MEDIUM
45,41,4,20,10.4,0.04,1.0,2,3.5,MEDIUM
182,96,86,12,34.9,1.43,0.1,2,8.5,HIGH
29,4,25,3,12.7,1.67,2.9,2,9.1,HIGH
74,10,64,24,39.1,0.53,0.9,1,7.6,HIGH
17,4,13,25,19.1,0.1,3.3,1,3.8,MEDIUM
153,135,18,18,19.7,0.2,4.1,1,3.8,MEDIUM
151,63,88,29,6.5,0.61,7.4,2,9.1,HIGH
124,50,74,27,35.4,0.55,9.5,3,14.4,HIGH
152,50,102,17,10.8,1.2,0.0,3,6.7,MEDIUM
101,18,83,26,38.5,0.64,13.9,2,13.7,HIGH
107,52,55,16,26.7,0.69,3.4,1,4.2,MEDIUM
75,12,63,14,38.9,0.9,3.1,1,9.3,HIGH
41,32,9,16,30.5,0.11,0.0,3,8.8,HIGH
95,36,59,28,9.5,0.42,5.9,3,8.6,HIGH
60,23,37,5,38.2,1.48,0.5,3,10.4,HIGH
162,77,85,17,8.9,1.0,5.4,1,7.9,HIGH
195,87,108,13,26.1,1.66,0.0,5,16.2,HIGH
72,68,4,5,13.2,0.16,3.1,5,9.1,HIGH
199,107,92,4,37.6,4.6,1.7,1,25.7,HIGH
134,17,117,23,44.3,1.02,0.7,1,9.4,HIGH
159,94,65,18,29.3,0.72,0.3,3,9.5,HIGH
67,12,55,23,28.1,0.48,1.7,2,6.8,MEDIUM
67,5,62,19,38.1,0.65,0.4,2,10.3,HIGH
95,87,8,26,6.2,0.06,2.0,5,7.1,HIGH
58,43,15,19,44.5,0.16,2.9,4,10.3,HIGH
189,176,13,24,14.3,0.11,5.3,1,3.9,MEDIUM
179,85,94,29,47.3,0.65,3.4,2,12.8,HIGH
79,41,38,18,36.9,0.42,0.2,3,10.4,HIGH
24,4,20,13,38.5,0.31,1.1,1,4.3,MEDIUM
63,17,46,24,33.6,0.38,1.0,3,12.1,HIGH
197,158,39,22,25.8,0.35,7.4,1,7.5,HIGH
110,40,70,25,30.0,0.56,6.1,2,7.6,HIGH
17,13,4,5,7.9,0.16,1.4,1,2.4,MEDIUM
62,42,20,13,32.2,0.31,0.2,3,9.2,HIGH
69,14,55,27,32.3,0.41,6.7,4,13.9,HIGH
117,59,58,24,43.4,0.48,6.6,8,20.6,HIGH
14,9,5,23,27.2,0.04,5.8,3,9.5,HIGH
112,29,83,22,9.2,0.75,5.6,2,7.0,MEDIUM
15,11,4,21,18.9,0.04,2.0,3,6.0,MEDIUM
118,63,55,16,33.5,0.69,0.6,3,10.1,HIGH
125,24,101,24,16.0,0.84,1.9,2,7.6,HIGH
103,59,44,29,17.8,0.3,2.0,4,6.8,MEDIUM
56,53,3,17,40.5,0.04,2.0,3,9.1,HIGH
108,20,88,6,30.5,2.93,2.3,2,16.5,HIGH
64,50,14,22,27.4,0.13,0.9,2,4.3,MEDIUM
177,41,136,16,19.4,1.7,1.4,2,7.4,HIGH
61,46,15,18,36.7,0.17,1.7,3,9.0,HIGH
153,108,45,19,18.1,0.47,0.4,5,8.3,HIGH
22,7,15,6,37.0,0.5,1.8,3,8.5,HIGH
123,42,81,14,8.9,1.16,5.0,1,6.0,MEDIUM
133,101,32,20,42.3,0.32,5.3,1,7.2,HIGH
115,53,62,14,27.0,0.89,1.6,5,12.9,HIGH
167,118,49,19,24.4,0.52,2.2,0,2.7,MEDIUM
156,28,128,15,31.7,1.71,0.1,2,8.6,HIGH
154,125,29,5,32.2,1.16,3.4,0,9.2,HIGH
129,88,41,5,11.5,1.64,1.6,3,7.0,MEDIUM
72,62,10,21,37.8,0.1,1.8,0,5.2,MEDIUM
28,4,24,21,17.6,0.23,6.2,1,5.2,MEDIUM
101,58,43,20,44.0,0.43,1.9,4,11.7,HIGH
67,39,28,14,40.3,0.4,0.1,6,13.1,HIGH
192,70,122,13,20.5,1.88,0.8,0,8.4,HIGH
99,45,54,8,39.9,1.35,1.9,3,14.7,HIGH
126,10,116,26,21.0,0.89,1.7,5,11.1,HIGH
71,51,20,13,10.2,0.31,5.9,2,5.7,MEDIUM
32,17,15,22,46.4,0.14,2.3,4,13.5,HIGH
136,13,123,5,33.4,4.92,3.5,4,31.4,HIGH
146,96,50,28,25.2,0.36,1.9,4,10.0,HIGH
149,70,79,3,22.7,5.27,1.7,5,33.5,HIGH
138,11,127,3,19.6,8.47,1.8,3,45.0,HIGH
67,61,6,6,47.2,0.2,1.6,0,6.0,MEDIUM
131,118,13,24,11.7,0.11,2.3,3,6.4,MEDIUM
10,5,5,11,19.2,0.09,0.9,0,0.0,LOW
43,5,38,11,26.4,0.69,6.7,0,5.0,MEDIUM
105,76,29,10,26.1,0.58,1.2,4,10.0,HIGH
135,66,69,14,25.8,0.99,0.5,3,8.1,HIGH
127,40,87,8,13.4,2.17,0.3,2,13.6,HIGH
57,28,29,6,12.1,0.97,0.0,2,5.5,MEDIUM
98,50,48,27,16.7,0.36,1.6,1,1.1,LOW
126,70,56,11,44.4,1.02,0.6,2,6.6,MEDIUM
138,61,77,11,10.7,1.4,0.1,2,7.4,HIGH
25,14,11,7,37.8,0.31,2.2,4,11.4,HIGH
198,173,25,28,37.8,0.18,3.4,4,13.2,HIGH
78,29,49,29,40.0,0.34,0.3,1,5.3,MEDIUM
31,21,10,20,43.2,0.1,1.9,1,6.5,MEDIUM
102,87,15,22,17.0,0.14,4.1,3,7.2,HIGH
85,39,46,9,15.4,1.02,12.8,3,12.0,HIGH
163,73,90,2,25.6,9.0,3.3,1,45.0,HIGH
153,90,63,29,17.1,0.43,0.8,0,2.3,MEDIUM
188,109,79,18,36.8,0.88,3.8,3,10.4,HIGH
95,73,22,8,32.7,0.55,2.7,2,8.7,HIGH
194,92,102,15,42.7,1.36,0.7,1,11.1,HIGH
38,35,3,22,9.5,0.03,5.7,3,9.1,HIGH
78,8,70,22,44.4,0.64,1.7,3,9.0,HIGH
56,2,54,18,18.3,0.6,9.8,0,5.0,MEDIUM
103,64,39,10,26.6,0.78,3.9,2,8.5,HIGH
199,63,136,18,24.4,1.51,3.1,2,10.7,HIGH
153,40,113,6,37.9,3.77,3.9,2,23.6,HIGH
185,61,124,27,23.7,0.92,2.0,1,7.2,HIGH
94,26,68,26,45.6,0.52,2.1,4,12.1,HIGH
48,3,45,21,43.9,0.43,5.7,6,17.4,HIGH
109,100,9,9,42.6,0.2,3.4,1,7.8,HIGH
42,10,32,7,9.0,0.91,6.8,3,11.2,HIGH
110,78,32,12,41.9,0.53,6.6,3,13.6,HIGH
32,23,9,20,38.8,0.09,11.3,2,12.2,HIGH
19,16,3,5,10.3,0.12,3.6,6,12.3,HIGH
78,6,72,19,10.5,0.76,2.1,2,4.3,MEDIUM
109,90,19,2,10.2,1.9,0.5,3,10.3,HIGH
43,22,21,14,6.5,0.3,3.7,2,4.1,MEDIUM
189,117,72,15,29.0,0.96,1.0,3,8.5,HIGH
147,92,55,25,46.9,0.44,1.0,4,12.2,HIGH
156,122,34,2,24.4,3.4,0.8,1,13.8,HIGH
195,68,127,12,28.7,2.12,6.2,2,14.0,HIGH
105,74,31,18,46.7,0.34,6.1,4,13.3,HIGH
10,5,5,5,16.7,0.2,3.0,3,5.3,MEDIUM
78,59,19,27,42.1,0.14,1.9,0,5.1,MEDIUM
13,12,1,13,28.9,0.02,3.3,4,9.2,HIGH
25,5,20,11,29.9,0.36,2.8,3,9.2,HIGH
33,31,2,7,20.4,0.06,1.6,0,0.7,LOW
89,11,78,26,29.6,0.6,1.4,2,6.9,MEDIUM
11,0,11,2,9.1,1.1,1.4,3,10.8,HIGH
137,12,125,8,38.1,3.12,2.7,3,21.8,HIGH
169,60,109,27,18.0,0.81,3.1,3,7.1,HIGH
93,57,36,28,43.3,0.26,1.8,3,11.7,HIGH
161,18,143,22,21.4,1.3,10.4,4,16.2,HIGH
149,8,141,29,12.0,0.97,0.3,4,9.4,HIGH
187,167,20,17,35.2,0.24,1.3,3,7.8,HIGH
172,135,37,25,12.9,0.3,1.6,3,7.3,HIGH
133,103,30,15,37.7,0.4,0.1,6,13.1,HIGH
42,35,7,24,46.7,0.06,1.4,1,8.5,HIGH
170,115,55,21,38.7,0.52,1.0,4,11.1,HIGH
198,28,170,21,6.9,1.62,2.1,1,6.1,MEDIUM
188,76,112,7,31.2,3.2,1.2,2,18.9,HIGH
180,126,54,23,35.2,0.47,3.9,4,13.6,HIGH
110,33,77,26,40.7,0.59,2.1,1,10.3,HIGH
21,14,7,29,8.4,0.05,0.4,1,1.9,LOW
76,5,71,6,26.2,2.37,4.2,1,12.2,HIGH
74,24,50,25,28.5,0.4,0.3,1,3.5,MEDIUM
170,92,78,22,13.1,0.71,5.5,3,6.8,MEDIUM
177,109,68,19,19.5,0.72,8.0,2,7.3,HIGH
83,47,36,16,24.5,0.45,1.2,6,12.6,HIGH
52,35,17,7,41.0,0.49,7.8,1,10.8,HIGH
53,2,51,26,45.0,0.39,4.7,1,7.6,HIGH
38,5,33,20,32.4,0.33,7.7,2,10.4,HIGH
150,124,26,2,22.6,2.6,3.3,2,13.6,HIGH
21,13,8,2,16.7,0.8,0.8,3,6.1,MEDIUM
104,15,89,14,47.2,1.27,6.7,0,8.9,HIGH
55,44,11,4,47.3,0.55,0.6,3,12.6,HIGH
139,37,102,11,44.8,1.85,0.7,0,11.8,HIGH
44,21,23,22,39.0,0.21,0.9,1,5.0,MEDIUM
90,16,74,4,19.7,3.7,1.1,4,21.3,HIGH
99,68,31,10,40.3,0.62,2.2,2,9.9,HIGH
17,11,6,9,23.2,0.13,3.7,1,6.5,MEDIUM
102,24,78,4,19.7,3.9,7.8,2,24.8,HIGH
163,134,29,26,37.3,0.22,0.3,3,8.2,HIGH
99,40,59,14,9.3,0.84,9.3,2,8.6,HIGH
171,53,118,7,8.0,3.37,7.6,2,18.0,HIGH
124,23,101,14,24.8,1.44,0.2,4,10.6,HIGH
114,33,81,24,24.7,0.68,1.3,3,8.3,HIGH
144,10,134,21,43.6,1.28,5.0,2,10.6,HIGH
67,38,29,21,11.3,0.28,2.8,2,4.3,MEDIUM
123,99,24,13,11.2,0.37,4.5,0,2.9,MEDIUM
84,45,39,14,12.2,0.56,3.8,3,5.7,MEDIUM
166,41,125,3,7.2,8.33,2.1,3,45.0,HIGH
129,10,119,22,9.0,1.08,0.1,1,5.3,MEDIUM
173,42,131,25,33.7,1.05,2.6,4,13.1,HIGH
30,12,18,24,24.1,0.15,0.1,1,2.6,MEDIUM
173,126,47,17,38.1,0.55,2.8,1,8.7,HIGH
147,32,115,24,47.7,0.96,4.8,2,13.7,HIGH
110,76,34,7,33.7,0.97,2.6,1,7.9,HIGH
161,133,28,20,8.1,0.28,17.4,4,14.2,HIGH
186,85,101,22,10.4,0.92,1.8,0,2.0,LOW
108,85,23,14,43.0,0.33,4.1,3,10.7,HIGH
45,24,21,18,28.2,0.23,3.3,4,11.4,HIGH
105,65,40,24,40.6,0.33,14.3,1,14.0,HIGH
161,84,77,10,42.0,1.54,3.7,3,13.3,HIGH
160,74,86,18,45.0,0.96,0.5,3,11.3,HIGH
199,51,148,3,45.9,9.87,9.3,3,45.0,HIGH
46,14,32,20,29.3,0.32,3.3,5,11.5,HIGH
21,6,15,20,20.3,0.15,0.2,0,0.0,LOW
122,67,55,25,46.4,0.44,3.2,5,15.3,HIGH
192,30,162,8,29.0,4.05,6.4,3,24.5,HIGH
22,19,3,23,8.7,0.03,2.6,1,2.0,LOW
32,22,10,11,33.0,0.18,1.3,1,5.0,MEDIUM
108,44,64,11,30.7,1.16,5.2,3,10.1,HIGH
114,21,93,28,43.6,0.66,4.6,2,9.7,HIGH
39,32,7,21,33.4,0.07,2.4,1,4.0,MEDIUM
26,20,6,10,20.7,0.12,0.5,3,7.3,HIGH
122,85,37,18,46.6,0.41,0.9,7,18.8,HIGH
71,20,51,28,39.7,0.36,4.0,2,8.2,HIGH
93,38,55,16,32.5,0.69,4.9,3,14.1,HIGH
121,17,104,3,18.3,6.93,1.0,2,34.7,HIGH
95,20,75,5,21.7,3.0,1.4,4,18.6,HIGH
150,113,37,20,34.1,0.37,0.2,2,7.4,HIGH
196,135,61,18,9.0,0.68,3.7,6,13.3,HIGH
28,16,12,6,16.8,0.4,0.0,6,10.2,HIGH
186,159,27,8,36.0,0.68,0.1,5,13.9,HIGH
109,62,47,19,26.2,0.49,0.0,3,8.9,HIGH
149,70,79,22,22.9,0.72,3.1,3,8.7,HIGH
198,70,128,23,12.4,1.11,1.6,2,6.2,MEDIUM
156,139,17,28,24.6,0.12,1.1,3,6.1,MEDIUM
85,10,75,8,38.4,1.88,7.3,0,10.4,HIGH
18,15,3,18,17.1,0.03,0.6,1,1.1,LOW
37,29,8,8,6.2,0.2,1.5,2,4.9,MEDIUM
137,22,115,5,34.1,4.6,8.5,1,27.4,HIGH
61,34,27,9,46.9,0.6,1.7,4,12.8,HIGH
92,76,16,14,31.5,0.23,2.4,3,7.9,HIGH
120,67,53,5,11.0,2.12,0.3,3,10.9,HIGH
153,132,21,7,19.5,0.6,4.7,4,10.1,HIGH
126,113,13,26,42.4,0.1,1.6,2,7.9,HIGH
78,33,45,6,15.8,1.5,4.8,7,16.5,HIGH
108,42,66,13,31.5,1.02,0.9,2,7.6,HIGH
149,133,16,5,22.9,0.64,1.6,2,5.5,MEDIUM
34,22,12,25,14.7,0.1,4.6,1,3.7,MEDIUM
189,29,160,10,40.2,3.2,10.9,4,27.5,HIGH
132,11,121,5,37.2,4.84,0.2,2,26.8,HIGH
62,34,28,20,33.8,0.28,5.0,2,5.6,MEDIUM
160,141,19,25,15.9,0.15,1.1,1,0.7,LOW
153,123,30,15,10.1,0.4,2.4,1,4.7,MEDIUM
66,43,23,6,30.2,0.77,1.0,4,11.8,HIGH
48,8,40,19,29.3,0.42,2.9,2,8.1,HIGH
118,32,86,11,13.9,1.56,1.3,3,9.6,HIGH
190,159,31,26,8.4,0.24,1.2,0,2.2,MEDIUM
51,10,41,20,9.4,0.41,0.1,3,5.4,MEDIUM
195,58,137,13,47.7,2.11,0.5,0,11.7,HIGH
176,29,147,19,38.9,1.55,7.5,2,12.3,HIGH
151,99,52,18,44.7,0.58,19.1,2,16.2,HIGH
131,117,14,25,14.2,0.11,4.5,2,7.5,HIGH
142,41,101,12,46.3,1.68,1.0,2,11.5,HIGH
172,82,90,4,12.0,4.5,1.5,2,21.5,HIGH
84,52,32,24,27.4,0.27,4.0,2,6.9,MEDIUM
155,147,8,18,40.8,0.09,10.4,1,9.2,HIGH
85,12,73,2,20.7,7.3,1.8,1,37.2,HIGH
18,8,10,16,23.8,0.12,5.3,2,7.7,HIGH
83,32,51,29,11.4,0.35,11.1,1,6.4,MEDIUM
195,161,34,10,11.2,0.68,6.2,4,12.9,HIGH
154,73,81,16,32.0,1.01,0.8,2,9.7,HIGH
16,2,14,29,34.4,0.1,0.0,4,8.5,HIGH
183,113,70,25,38.6,0.56,2.0,2,8.6,HIGH
150,111,39,29,29.4,0.27,2.3,1,5.8,MEDIUM
177,9,168,4,33.1,8.4,0.7,2,44.7,HIGH
179,147,32,23,6.6,0.28,1.0,7,9.7,HIGH
146,31,115,28,12.8,0.82,4.3,1,7.5,HIGH
187,102,85,20,47.4,0.85,1.9,7,17.2,HIGH
36,15,21,14,9.2,0.3,1.1,1,3.7,MEDIUM
131,91,40,13,34.5,0.62,2.9,4,12.6,HIGH
14,5,9,21,13.4,0.09,3.2,2,3.7,MEDIUM
38,31,7,2,36.1,0.7,4.4,2,11.9,HIGH
174,123,51,22,35.7,0.46,0.5,3,9.1,HIGH
175,110,65,18,15.8,0.72,4.1,5,11.4,HIGH
92,70,22,14,17.3,0.31,2.7,5,8.1,HIGH
145,105,40,2,33.5,4.0,0.2,1,18.3,HIGH
118,9,109,11,22.4,1.98,4.5,3,13.2,HIGH
74,29,45,16,14.2,0.56,1.4,2,6.6,MEDIUM
95,84,11,28,36.7,0.08,1.2,4,7.9,HIGH
154,25,129,28,12.5,0.92,1.8,3,7.8,HIGH
80,57,23,8,41.9,0.57,1.3,0,5.8,MEDIUM
54,50,4,29,27.6,0.03,1.2,2,7.0,MEDIUM
141,13,128,23,10.4,1.11,5.0,3,10.5,HIGH
45,29,16,19,35.2,0.17,0.4,3,8.4,HIGH
79,37,42,17,27.8,0.49,10.6,5,15.0,HIGH
168,95,73,15,18.5,0.97,2.4,0,2.7,MEDIUM
28,3,25,28,23.7,0.18,0.6,6,10.0,HIGH
198,17,181,29,18.5,1.25,0.4,2,5.8,MEDIUM
117,76,41,19,17.0,0.43,2.7,2,4.1,MEDIUM
191,151,40,28,12.9,0.29,3.0,3,6.5,MEDIUM
176,132,44,8,21.2,1.1,0.2,4,9.7,HIGH
100,53,47,18,16.5,0.52,0.8,0,1.2,LOW
99,13,86,19,34.7,0.91,4.8,4,13.3,HIGH
28,18,10,13,34.7,0.15,0.2,2,5.9,MEDIUM
48,12,36,9,27.1,0.8,5.8,4,13.2,HIGH
135,117,18,23,38.7,0.16,3.2,1,6.9,MEDIUM
182,146,36,3,41.3,2.4,1.7,2,15.2,HIGH
150,103,47,8,30.4,1.18,1.3,2,7.1,HIGH
135,122,13,5,32.0,0.52,0.1,0,3.5,MEDIUM
67,5,62,19,17.9,0.65,5.2,1,6.8,MEDIUM
157,111,46,29,43.6,0.32,0.5,3,10.6,HIGH
70,24,46,7,7.0,1.31,1.1,3,9.1,HIGH
136,117,19,28,20.6,0.14,2.5,1,4.5,MEDIUM
114,33,81,10,36.3,1.62,0.8,2,12.0,HIGH
176,123,53,28,9.4,0.38,2.1,1,4.3,MEDIUM
10,8,2,10,13.7,0.04,5.0,3,7.1,HIGH
140,12,128,15,30.8,1.71,1.9,3,11.8,HIGH
101,41,60,9,29.5,1.33,8.9,1,11.2,HIGH
199,146,53,20,37.0,0.53,5.6,3,8.5,HIGH
122,56,66,4,40.1,3.3,1.2,0,18.4,HIGH
162,47,115,19,11.4,1.21,1.5,2,7.4,HIGH
65,16,49,6,6.8,1.63,1.7,4,13.1,HIGH
170,28,142,15,35.0,1.89,3.0,2,11.3,HIGH
175,143,32,29,18.7,0.22,1.0,3,7.5,HIGH
126,71,55,5,32.3,2.2,10.4,3,19.2,HIGH
143,16,127,8,12.3,3.18,2.8,2,15.8,HIGH
67,26,41,21,25.7,0.39,1.5,3,7.6,HIGH
53,20,33,26,27.2,0.25,3.1,1,4.8,MEDIUM
182,38,144,29,30.6,0.99,1.5,1,6.2,MEDIUM
169,74,95,13,27.6,1.46,5.1,2,8.6,HIGH
182,63,119,3,26.8,7.93,2.5,4,45.0,HIGH
70,25,45,12,20.0,0.75,0.1,5,9.2,HIGH
56,40,16,15,9.0,0.21,0.6,4,5.9,MEDIUM
158,39,119,23,9.8,1.03,6.0,2,9.4,HIGH
89,55,34,24,24.2,0.28,2.5,2,4.4,MEDIUM
127,71,56,17,20.9,0.66,9.0,0,5.5,MEDIUM
173,97,76,21,27.7,0.72,0.2,1,3.9,MEDIUM
156,100,56,7,18.8,1.6,1.0,4,13.1,HIGH
29,15,14,24,34.9,0.12,0.6,2,7.9,HIGH
194,163,31,5,42.3,1.24,2.4,4,13.1,HIGH
155,101,54,16,18.6,0.68,1.4,1,2.9,MEDIUM
56,30,26,25,14.1,0.21,0.5,4,8.0,HIGH
58,46,12,26,10.9,0.09,3.1,5,10.0,HIGH
23,13,10,2,31.9,1.0,2.3,3,9.9,HIGH
152,47,105,8,24.6,2.62,1.0,1,12.0,HIGH
168,39,129,26,13.9,0.99,2.0,2,6.0,MEDIUM
10,1,9,13,33.4,0.14,4.1,1,7.2,HIGH
126,108,18,11,12.2,0.33,0.7,2,6.1,MEDIUM
63,43,20,6,29.3,0.67,1.0,2,9.3,HIGH
127,113,14,13,28.1,0.22,1.3,5,9.9,HIGH
12,7,5,19,36.8,0.05,4.1,1,6.6,MEDIUM
153,72,81,11,8.3,1.47,5.6,0,7.2,HIGH
194,20,174,7,43.3,4.97,1.4,2,28.4,HIGH
21,13,8,29,35.5,0.06,1.1,3,7.5,HIGH
83,47,36,13,15.1,0.55,6.6,2,8.0,HIGH
25,23,2,8,13.7,0.05,22.1,3,13.2,HIGH
111,29,82,19,24.1,0.86,3.3,1,4.3,MEDIUM
161,84,77,3,40.3,5.13,13.8,3,35.4,HIGH
165,104,61,11,41.4,1.11,3.2,4,15.2,HIGH
126,79,47,16,27.9,0.59,4.0,0,5.0,MEDIUM
17,9,8,13,42.2,0.12,1.5,3,7.7,HIGH
131,98,33,27,6.2,0.24,1.7,9,14.9,HIGH
101,23,78,18,7.5,0.87,0.5,3,9.1,HIGH
173,121,52,5,44.3,2.08,5.2,3,17.5,HIGH
99,60,39,8,38.6,0.98,8.0,2,11.7,HIGH
145,124,21,10,24.9,0.42,2.9,5,11.5,HIGH
195,158,37,20,37.7,0.37,1.3,1,6.4,MEDIUM
69,23,46,29,46.1,0.32,0.5,4,11.4,HIGH
187,55,132,28,38.4,0.94,0.9,0,7.5,HIGH
37,34,3,24,41.4,0.02,0.9,6,13.3,HIGH
110,57,53,8,37.9,1.32,2.9,2,11.8,HIGH
50,43,7,24,13.1,0.06,8.7,1,7.4,HIGH
164,32,132,3,41.0,8.8,0.1,2,45.0,HIGH
154,96,58,7,14.2,1.66,0.0,2,6.2,MEDIUM
170,132,38,19,43.5,0.4,2.8,4,12.8,HIGH
166,149,17,7,25.3,0.49,1.0,4,8.6,HIGH
150,53,97,14,34.4,1.39,6.4,1,11.1,HIGH
55,38,17,27,26.9,0.13,1.2,4,9.0,HIGH
44,23,21,20,9.9,0.21,1.0,3,5.5,MEDIUM
143,14,129,3,18.2,8.6,0.9,2,43.3,HIGH
91,61,30,13,47.3,0.46,0.5,2,6.9,MEDIUM
124,83,41,16,46.4,0.51,2.6,2,9.0,HIGH
56,49,7,15,19.5,0.09,0.6,1,3.4,MEDIUM
162,80,82,7,47.8,2.34,1.7,2,17.9,HIGH
19,4,15,19,41.5,0.16,1.9,2,7.8,HIGH
65,5,60,6,31.7,2.0,0.1,2,10.5,HIGH
39,16,23,19,7.7,0.24,0.1,2,4.0,MEDIUM
118,37,81,4,43.9,4.05,2.2,2,25.8,HIGH
14,10,4,4,29.4,0.2,3.6,4,11.2,HIGH
128,47,81,23,42.5,0.7,8.5,2,12.4,HIGH
42,37,5,23,41.0,0.04,0.6,1,8.2,HIGH
127,116,11,11,41.0,0.2,0.3,1,7.4,HIGH
74,45,29,20,35.3,0.29,0.2,1,3.8,MEDIUM
155,137,18,4,18.2,0.9,1.7,3,6.1,MEDIUM
186,136,50,13,20.1,0.77,2.9,0,2.2,MEDIUM
20,10,10,17,19.0,0.12,5.5,2,7.5,HIGH
94,19,75,18,6.8,0.83,3.4,3,6.0,MEDIUM
35,16,19,8,30.5,0.48,0.7,4,10.5,HIGH
72,39,33,14,35.4,0.47,1.9,4,10.9,HIGH
95,78,17,25,41.9,0.14,7.2,2,8.8,HIGH
68,32,36,3,11.9,2.4,1.2,4,15.3,HIGH
36,30,6,5,28.9,0.24,2.1,3,7.9,HIGH
186,122,64,11,6.3,1.16,9.6,7,18.6,HIGH
170,29,141,8,10.0,3.52,4.0,3,18.4,HIGH
107,101,6,25,8.3,0.05,4.1,1,2.3,MEDIUM
114,59,55,18,36.5,0.61,0.9,1,5.4,MEDIUM
108,43,65,21,9.4,0.62,1.6,3,7.6,HIGH
138,88,50,7,36.1,1.43,0.3,1,7.7,HIGH
158,23,135,20,16.5,1.35,2.8,3,10.4,HIGH
64,39,25,6,42.9,0.83,0.3,2,8.7,HIGH
15,7,8,11,40.2,0.15,5.4,1,8.0,HIGH
104,43,61,10,46.2,1.22,5.1,0,11.1,HIGH
142,128,14,28,43.1,0.1,2.3,1,4.7,MEDIUM
111,57,54,14,45.2,0.77,0.5,1,8.0,HIGH
12,2,10,20,42.1,0.1,0.1,0,4.1,MEDIUM
190,87,103,22,35.1,0.94,4.8,1,7.5,HIGH
32,28,4,25,13.2,0.03,2.7,3,5.8,MEDIUM
62,12,50,7,17.4,1.43,3.7,1,6.9,MEDIUM
174,42,132,5,14.9,5.28,1.1,1,24.4,HIGH
92,5,87,25,31.4,0.7,2.1,3,9.6,HIGH
154,9,145,28,27.2,1.04,4.1,1,6.0,MEDIUM
94,74,20,4,42.4,1.0,1.9,3,11.5,HIGH
87,61,26,4,46.0,1.3,2.8,7,20.9,HIGH
119,43,76,5,23.0,3.04,4.7,3,20.4,HIGH
10,6,4,26,27.3,0.03,0.7,3,8.2,HIGH
60,24,36,6,46.8,1.2,0.2,2,10.5,HIGH
182,165,17,9,17.6,0.38,2.3,1,3.2,MEDIUM
13,11,2,17,39.3,0.02,0.2,8,17.3,HIGH
199,80,119,23,15.5,1.03,4.4,4,11.9,HIGH
122,99,23,4,34.6,1.15,3.8,2,10.2,HIGH
41,30,11,25,16.7,0.09,6.4,3,9.5,HIGH
43,14,29,13,43.1,0.45,3.1,1,8.8,HIGH
101,26,75,26,29.6,0.58,0.2,1,4.3,MEDIUM
104,48,56,9,13.8,1.24,0.9,1,4.2,MEDIUM
81,61,20,14,15.4,0.29,4.9,1,4.2,MEDIUM
48,43,5,5,26.7,0.2,0.5,4,6.8,MEDIUM
163,120,43,15,46.4,0.57,3.6,3,11.4,HIGH
171,140,31,15,38.3,0.41,4.5,2,10.6,HIGH
191,113,78,14,26.5,1.11,1.2,2,9.4,HIGH
127,101,26,28,20.2,0.19,1.2,4,8.3,HIGH
12,9,3,7,29.1,0.09,2.4,3,8.5,HIGH
132,51,81,18,37.4,0.9,5.9,2,10.4,HIGH
59,32,27,5,38.9,1.08,0.8,4,11.8,HIGH
21,16,5,9,19.6,0.11,8.5,3,9.7,HIGH
63,5,58,18,36.3,0.64,2.7,3,9.8,HIGH
142,110,32,4,33.6,1.6,14.5,5,22.4,HIGH
66,13,53,18,46.3,0.59,0.3,1,8.1,HIGH
154,79,75,10,45.1,1.5,0.4,2,11.6,HIGH
121,94,27,3,39.2,1.8,5.3,4,15.7,HIGH
56,15,41,26,36.4,0.32,6.0,5,11.4,HIGH
160,43,117,14,17.5,1.67,1.8,1,7.4,HIGH
94,38,56,21,41.5,0.53,3.8,5,14.0,HIGH
151,129,22,3,24.0,1.47,6.1,3,12.9,HIGH
75,3,72,21,17.4,0.69,0.1,3,5.5,MEDIUM
84,72,12,29,22.1,0.08,2.6,1,3.1,MEDIUM
188,35,153,12,41.1,2.55,5.8,3,21.1,HIGH
112,105,7,28,12.2,0.05,1.5,4,7.6,HIGH
175,159,16,27,25.2,0.12,1.1,1,2.5,MEDIUM
47,23,24,23,26.7,0.21,4.8,3,8.8,HIGH
59,30,29,16,7.5,0.36,1.2,5,11.6,HIGH
107,51,56,12,14.2,0.93,0.0,0,2.3,MEDIUM
91,56,35,24,40.7,0.29,9.6,1,9.6,HIGH
39,5,34,4,40.9,1.7,2.7,1,11.9,HIGH
88,6,82,4,18.3,4.1,5.1,2,23.0,HIGH
100,10,90,29,42.7,0.62,5.2,3,14.0,HIGH
188,84,104,27,38.4,0.77,0.2,2,9.3,HIGH
61,18,43,13,23.6,0.66,0.6,0,3.9,MEDIUM
175,106,69,25,37.4,0.55,1.1,2,9.9,HIGH
88,83,5,6,46.4,0.17,1.2,5,13.1,HIGH
39,15,24,21,25.3,0.23,3.2,5,10.5,HIGH
115,65,50,8,16.0,1.25,2.9,3,7.2,HIGH
60,25,35,8,45.6,0.88,2.0,4,13.3,HIGH
90,73,17,14,31.4,0.24,0.7,3,6.4,MEDIUM
142,122,20,10,10.4,0.4,1.4,2,5.1,MEDIUM
38,31,7,26,30.1,0.05,2.4,2,5.7,MEDIUM
141,130,11,22,27.0,0.1,1.9,2,7.0,MEDIUM
147,10,137,14,41.9,1.96,0.4,2,14.0,HIGH
193,155,38,13,28.3,0.58,3.1,4,10.3,HIGH
154,111,43,14,16.7,0.61,0.2,1,4.3,MEDIUM
83,21,62,25,34.4,0.5,1.4,3,9.4,HIGH
26,23,3,11,28.8,0.05,3.7,0,1.4,LOW
93,17,76,2,15.8,7.6,0.1,4,40.7,HIGH
78,51,27,26,30.1,0.21,2.5,5,10.7,HIGH
43,10,33,9,40.5,0.73,1.2,4,12.2,HIGH
15,6,9,23,7.2,0.08,0.0,4,6.1,MEDIUM
62,43,19,17,32.5,0.22,0.6,2,5.8,MEDIUM
135,75,60,14,20.7,0.86,8.5,2,9.9,HIGH
52,22,30,4,18.3,1.5,2.2,3,10.3,HIGH
124,42,82,4,22.5,4.1,17.7,3,29.1,HIGH
120,96,24,25,20.4,0.19,2.2,2,4.1,MEDIUM
160,28,132,6,41.0,4.4,2.4,2,28.0,HIGH
192,83,109,27,17.5,0.81,1.5,1,7.5,HIGH
89,76,13,12,36.8,0.22,1.1,2,6.1,MEDIUM
104,84,20,8,10.0,0.5,0.9,3,7.4,HIGH
127,52,75,22,46.0,0.68,1.3,2,9.6,HIGH
153,112,41,25,32.1,0.33,1.8,2,7.9,HIGH
17,13,4,11,35.7,0.07,0.6,3,7.0,MEDIUM
141,119,22,11,18.5,0.4,0.8,3,4.9,MEDIUM
113,61,52,21,23.3,0.5,1.0,3,6.1,MEDIUM
141,32,109,3,15.4,7.27,1.8,4,40.1,HIGH
193,53,140,4,45.2,7.0,3.2,1,39.2,HIGH
34,10,24,9,26.5,0.53,5.8,2,9.4,HIGH
105,61,44,12,32.5,0.73,1.0,2,6.7,MEDIUM
164,13,151,14,36.8,2.16,0.6,3,14.2,HIGH
102,63,39,8,21.6,0.98,1.4,4,12.5,HIGH
169,63,106,14,36.2,1.51,6.7,2,12.4,HIGH
187,59,128,3,34.4,8.53,0.0,1,45.0,HIGH
70,58,12,7,35.6,0.34,3.4,3,10.8,HIGH
131,60,71,10,26.5,1.42,1.9,5,12.9,HIGH
60,8,52,21,22.1,0.5,0.5,6,11.8,HIGH
156,123,33,26,15.3,0.25,1.2,1,2.3,MEDIUM
30,2,28,3,40.6,1.87,0.8,1,10.8,HIGH
14,9,5,19,31.6,0.05,6.3,3,10.8,HIGH
101,75,26,17,24.7,0.31,2.0,3,8.4,HIGH
179,65,114,26,45.6,0.88,2.5,1,6.3,MEDIUM
70,55,15,13,8.0,0.23,2.7,3,7.6,HIGH
31,15,16,8,41.7,0.4,3.1,2,8.8,HIGH
158,73,85,8,47.9,2.12,2.1,5,20.7,HIGH
79,7,72,18,43.3,0.8,0.1,4,11.8,HIGH
10,3,7,14,40.0,0.1,1.2,3,9.0,HIGH
142,126,16,12,21.7,0.27,0.6,0,3.3,MEDIUM
21,8,13,7,15.7,0.37,3.4,3,7.4,HIGH
99,53,46,24,36.9,0.38,0.2,5,13.6,HIGH
55,29,26,28,18.8,0.19,2.5,3,6.6,MEDIUM
43,24,19,15,13.4,0.25,0.7,1,2.3,MEDIUM
186,19,167,7,39.0,4.77,8.9,2,30.8,HIGH
87,32,55,7,19.1,1.57,1.2,4,9.6,HIGH
54,37,17,3,44.4,1.13,1.2,2,7.3,HIGH
164,37,127,23,41.3,1.1,7.7,4,14.8,HIGH
82,19,63,21,41.6,0.6,1.6,2,10.3,HIGH
35,2,33,26,38.4,0.25,9.9,2,12.8,HIGH
56,24,32,16,43.0,0.4,0.1,2,5.8,MEDIUM
130,109,21,29,39.8,0.14,1.1,0,5.9,MEDIUM
65,6,59,18,31.3,0.66,3.3,3,9.2,HIGH
103,22,81,9,18.4,1.8,6.6,2,9.4,HIGH
116,38,78,6,43.3,2.6,0.9,1,16.5,HIGH
72,51,21,18,41.3,0.23,8.0,4,13.3,HIGH
57,35,22,21,25.9,0.21,2.7,2,9.4,HIGH
70,29,41,2,7.6,4.1,4.8,3,22.9,HIGH
90,65,25,23,32.8,0.22,1.5,0,3.3,MEDIUM
35,20,15,19,8.1,0.16,0.7,3,4.3,MEDIUM
45,38,7,16,44.9,0.09,7.3,3,12.4,HIGH
10,7,3,6,46.4,0.1,8.1,4,15.4,HIGH
17,4,13,8,14.0,0.32,2.1,2,2.7,MEDIUM
122,35,87,19,34.4,0.92,0.0,2,8.8,HIGH
108,17,91,7,9.9,2.6,0.3,1,10.4,HIGH
189,66,123,23,36.6,1.07,2.6,5,13.5,HIGH
56,53,3,22,20.6,0.03,0.1,1,0.7,LOW
136,56,80,6,34.6,2.67,1.5,1,15.7,HIGH
65,16,49,20,21.7,0.49,1.1,4,9.1,HIGH
23,16,7,11,12.1,0.13,3.8,0,1.1,LOW
37,19,18,16,23.1,0.22,0.2,2,5.8,MEDIUM
87,16,71,11,10.7,1.29,2.0,2,7.5,HIGH
139,54,85,28,30.2,0.61,2.6,2,8.8,HIGH
118,49,69,17,7.7,0.81,2.9,0,5.0,MEDIUM
163,118,45,13,28.1,0.69,1.6,1,5.9,MEDIUM
23,1,22,19,43.2,0.23,1.1,2,10.6,HIGH
196,57,139,24,41.2,1.16,3.4,2,12.7,HIGH
65,33,32,2,43.1,3.2,5.6,3,24.3,HIGH
124,36,88,17,44.7,1.04,3.5,1,7.6,HIGH
16,9,7,23,10.4,0.06,8.1,2,6.7,MEDIUM
12,5,7,7,11.4,0.2,3.8,1,3.9,MEDIUM
120,45,75,4,29.4,3.75,4.3,5,27.2,HIGH
160,144,16,3,43.5,1.07,0.6,1,8.2,HIGH
116,71,45,29,46.9,0.31,1.6,1,8.4,HIGH
27,4,23,3,7.9,1.53,2.0,1,6.9,MEDIUM
47,26,21,14,20.9,0.3,0.9,2,3.0,MEDIUM
124,93,31,10,14.9,0.62,2.3,1,5.5,MEDIUM
24,16,8,17,37.8,0.09,1.0,1,3.7,MEDIUM
128,26,102,28,32.9,0.73,3.5,1,6.7,MEDIUM
37,34,3,6,11.0,0.1,1.9,1,1.5,LOW
48,21,27,24,26.3,0.22,1.8,4,8.3,HIGH
194,37,157,29,34.8,1.08,12.3,2,14.7,HIGH
26,5,21,22,38.7,0.19,1.5,2,7.8,HIGH
95,13,82,8,6.8,2.05,1.3,2,10.8,HIGH
135,104,31,14,43.4,0.44,1.2,0,6.3,MEDIUM
53,8,45,21,29.9,0.43,6.8,3,8.3,HIGH
34,5,29,25,40.1,0.23,2.1,0,4.3,MEDIUM
154,125,29,28,39.9,0.21,2.7,3,10.8,HIGH
22,7,15,27,14.0,0.11,0.6,4,7.7,HIGH
34,2,32,14,10.6,0.46,2.3,3,4.6,MEDIUM
77,7,70,28,36.3,0.5,1.0,3,10.6,HIGH
147,26,121,27,12.6,0.9,3.9,6,13.9,HIGH
76,18,58,8,41.7,1.45,5.4,3,12.9,HIGH
118,76,42,11,36.5,0.76,3.8,0,6.8,MEDIUM
155,29,126,16,41.4,1.58,3.9,5,16.9,HIGH
120,18,102,22,18.6,0.93,2.2,2,7.1,HIGH
120,88,32,28,19.3,0.23,3.7,2,3.5,MEDIUM
43,28,15,7,34.2,0.43,1.6,2,7.1,HIGH
120,53,67,6,7.3,2.23,3.2,1,11.5,HIGH
17,9,8,24,36.5,0.07,0.9,3,9.0,HIGH
177,58,119,29,41.1,0.82,0.2,1,8.2,HIGH
122,59,63,3,23.4,4.2,1.6,1,20.6,HIGH
92,46,46,22,38.1,0.42,1.9,6,15.3,HIGH
51,20,31,16,13.3,0.39,0.9,0,1.0,LOW
178,154,24,27,19.5,0.18,3.9,2,4.6,MEDIUM
110,7,103,17,46.9,1.21,0.2,1,8.7,HIGH
15,11,4,20,47.4,0.04,0.8,2,10.1,HIGH
189,30,159,10,27.5,3.18,4.1,5,24.9,HIGH
35,26,9,23,45.2,0.08,1.7,1,5.7,MEDIUM
73,44,29,27,28.0,0.21,3.7,2,6.5,MEDIUM
196,158,38,20,18.2,0.38,2.5,5,9.1,HIGH
193,26,167,8,17.2,4.18,9.0,4,27.8,HIGH
68,37,31,5,45.0,1.24,2.7,1,11.0,HIGH
118,59,59,4,13.2,2.95,0.0,4,19.8,HIGH
130,89,41,25,30.3,0.33,1.3,3,6.5,MEDIUM
42,22,20,21,29.3,0.19,0.5,3,8.5,HIGH
190,101,89,12,37.1,1.48,7.8,1,11.2,HIGH
159,69,90,2,27.0,9.0,0.3,6,45.0,HIGH
30,9,21,7,17.4,0.6,1.5,3,5.8,MEDIUM
79,38,41,27,13.1,0.3,0.8,3,7.9,HIGH
121,18,103,12,32.1,1.72,5.6,2,10.4,HIGH
13,11,2,28,36.2,0.01,1.1,5,10.9,HIGH
103,71,32,2,29.9,3.2,14.4,0,20.6,HIGH
84,76,8,22,37.0,0.07,0.1,3,8.7,HIGH
199,50,149,8,11.9,3.72,0.4,2,19.9,HIGH
71,59,12,7,43.1,0.34,0.8,2,7.3,HIGH
103,80,23,15,30.5,0.31,5.0,3,10.4,HIGH
104,68,36,3,11.3,2.4,6.3,2,13.7,HIGH
161,98,63,28,25.4,0.45,0.2,2,5.8,MEDIUM
64,21,43,5,41.5,1.72,0.1,2,11.0,HIGH
146,114,32,12,43.7,0.53,4.1,2,10.4,HIGH
140,70,70,16,17.1,0.88,0.4,3,6.9,MEDIUM
40,4,36,19,35.9,0.38,0.4,1,5.2,MEDIUM
49,16,33,28,10.2,0.24,0.1,3,4.7,MEDIUM
45,40,5,2,7.4,0.5,0.2,2,4.9,MEDIUM
161,131,30,4,29.5,1.5,0.9,3,9.0,HIGH
15,14,1,4,35.2,0.05,0.2,1,4.4,MEDIUM
75,46,29,29,39.4,0.2,1.4,4,10.0,HIGH
84,22,62,8,20.3,1.55,5.4,1,7.9,HIGH
13,2,11,2,6.3,1.1,1.2,3,7.6,HIGH
88,19,69,26,26.1,0.53,3.9,3,10.1,HIGH
143,9,134,12,6.7,2.23,0.3,3,12.9,HIGH
127,51,76,7,9.9,2.17,3.2,3,13.3,HIGH
122,27,95,21,19.7,0.9,1.1,1,4.8,MEDIUM
103,43,60,4,24.4,3.0,4.2,4,20.4,HIGH
188,167,21,20,17.7,0.21,0.4,3,5.4,MEDIUM
71,31,40,3,30.4,2.67,6.8,5,20.3,HIGH
194,162,32,19,8.3,0.34,0.8,1,3.6,MEDIUM
88,52,36,13,12.1,0.55,1.3,3,6.9,MEDIUM
145,39,106,11,35.2,1.93,9.0,2,16.7,HIGH
35,12,23,6,12.0,0.77,2.6,1,3.7,MEDIUM
188,23,165,10,32.9,3.3,1.4,3,22.2,HIGH
182,63,119,3,8.3,7.93,9.0,2,43.7,HIGH
53,34,19,3,23.1,1.27,1.2,1,5.3,MEDIUM
142,16,126,29,13.5,0.87,0.3,5,11.9,HIGH
79,18,61,7,10.6,1.74,17.3,3,16.8,HIGH
163,64,99,11,29.8,1.8,0.9,5,17.4,HIGH
127,118,9,19,45.0,0.09,5.7,2,10.2,HIGH
77,58,19,13,8.3,0.29,0.5,5,9.8,HIGH
28,19,9,5,23.7,0.36,3.9,4,11.2,HIGH
29,4,25,23,35.7,0.22,2.2,3,8.8,HIGH
122,91,31,22,25.4,0.28,11.9,3,12.0,HIGH
149,112,37,18,39.9,0.41,2.4,0,5.7,MEDIUM
56,33,23,16,13.5,0.29,0.1,2,4.9,MEDIUM
10,9,1,7,46.3,0.03,2.8,4,10.9,HIGH
99,33,66,17,22.2,0.78,0.5,3,8.4,HIGH
151,135,16,18,20.3,0.18,4.8,5,12.1,HIGH
73,63,10,4,42.7,0.5,5.8,1,8.2,HIGH
47,2,45,11,29.7,0.82,2.0,6,13.2,HIGH
46,20,26,6,27.7,0.87,4.6,6,13.2,HIGH
135,125,10,15,36.5,0.13,0.5,5,14.1,HIGH
148,21,127,27,30.4,0.94,2.0,3,9.0,HIGH
109,59,50,22,12.8,0.45,1.5,2,6.5,MEDIUM
86,80,6,14,34.3,0.09,2.8,2,7.0,MEDIUM
12,6,6,27,11.6,0.04,0.1,1,3.1,MEDIUM
170,37,133,7,39.8,3.8,4.2,4,27.8,HIGH
143,82,61,13,47.6,0.94,0.2,3,14.2,HIGH
187,43,144,27,21.9,1.07,3.2,1,7.9,HIGH
19,9,10,9,24.7,0.22,0.1,3,6.9,MEDIUM
14,1,13,6,8.0,0.43,5.3,5,11.5,HIGH
160,95,65,16,6.6,0.81,0.6,0,2.9,MEDIUM
147,75,72,28,44.7,0.51,2.2,3,14.4,HIGH
181,129,52,17,11.4,0.61,0.9,4,8.2,HIGH
139,85,54,2,24.7,5.4,3.8,1,26.7,HIGH
22,11,11,17,40.2,0.13,1.2,2,7.9,HIGH
177,118,59,6,43.4,1.97,3.9,3,15.5,HIGH
139,24,115,4,27.8,5.75,1.0,0,28.1,HIGH
93,54,39,21,29.7,0.37,4.2,4,12.4,HIGH
74,15,59,16,34.1,0.74,0.1,3,9.8,HIGH
72,63,9,14,46.4,0.13,1.0,1,6.1,MEDIUM
110,12,98,25,31.3,0.78,2.1,1,6.3,MEDIUM
82,35,47,17,29.5,0.55,0.1,5,10.0,HIGH
26,17,9,24,6.6,0.08,0.6,1,3.5,MEDIUM
18,8,10,12,9.4,0.17,8.2,3,9.4,HIGH
152,20,132,22,30.2,1.2,11.3,1,9.7,HIGH
161,88,73,3,45.3,4.87,4.0,3,34.9,HIGH
47,29,18,23,42.4,0.16,0.9,1,6.0,MEDIUM
172,117,55,28,47.3,0.39,0.9,1,7.9,HIGH
103,39,64,7,28.2,1.83,3.1,3,12.6,HIGH
104,57,47,27,39.1,0.35,0.4,2,8.1,HIGH
58,26,32,27,41.3,0.24,8.9,2,11.2,HIGH
78,51,27,28,33.2,0.19,0.8,2,4.9,MEDIUM
71,40,31,7,20.2,0.89,23.8,4,20.0,HIGH
197,103,94,15,25.7,1.25,2.1,3,8.9,HIGH
187,51,136,26,42.0,1.05,4.4,2,12.3,HIGH
87,4,83,12,18.5,1.38,0.0,1,4.8,MEDIUM
126,26,100,9,44.8,2.22,6.6,2,17.4,HIGH
129,20,109,9,15.7,2.42,0.9,5,17.1,HIGH
146,66,80,2,37.5,8.0,3.3,3,45.0,HIGH
171,102,69,22,32.5,0.63,4.9,2,9.9,HIGH
85,20,65,8,37.5,1.62,0.5,5,14.6,HIGH
44,39,5,7,24.4,0.14,1.8,5,11.5,HIGH
10,0,10,22,45.2,0.09,2.0,1,5.7,MEDIUM
49,36,13,9,32.6,0.29,1.1,3,7.3,HIGH
73,44,29,20,18.1,0.29,2.0,0,2.5,MEDIUM
159,61,98,23,32.8,0.85,1.1,1,7.7,HIGH
69,6,63,22,18.0,0.57,1.3,3,7.3,HIGH
73,44,29,25,18.3,0.23,3.3,2,7.2,HIGH
102,40,62,21,22.8,0.59,3.0,3,7.3,HIGH
81,72,9,9,41.8,0.2,0.8,2,6.4,MEDIUM
20,10,10,27,27.0,0.07,6.8,4,11.9,HIGH
114,102,12,15,34.5,0.16,6.0,4,12.1,HIGH
23,5,18,19,22.5,0.19,2.1,2,6.4,MEDIUM
69,48,21,26,17.1,0.16,1.7,5,8.0,HIGH
39,23,16,17,46.1,0.19,1.4,2,8.2,HIGH
44,31,13,10,31.4,0.26,3.7,2,9.7,HIGH
174,42,132,16,45.2,1.65,3.3,2,12.8,HIGH
14,9,5,27,14.5,0.04,0.7,5,10.1,HIGH
92,45,47,11,12.2,0.85,3.3,2,7.4,HIGH
132,94,38,23,41.9,0.33,0.9,3,9.5,HIGH
87,29,58,17,34.6,0.68,0.1,0,6.1,MEDIUM
163,138,25,5,13.8,1.0,3.6,4,10.5,HIGH
71,8,63,21,17.3,0.6,3.1,2,6.0,MEDIUM
141,109,32,14,39.6,0.46,1.6,3,9.9,HIGH
98,80,18,23,25.1,0.16,2.2,2,6.3,MEDIUM
51,40,11,6,34.2,0.37,8.8,1,7.3,HIGH
98,50,48,23,19.4,0.42,2.7,2,6.8,MEDIUM
155,68,87,8,22.0,2.17,3.2,6,19.2,HIGH
49,46,3,24,47.6,0.02,0.2,4,10.6,HIGH
81,20,61,10,16.4,1.22,0.5,3,6.3,MEDIUM
48,26,22,9,27.3,0.49,1.1,2,6.1,MEDIUM
113,73,40,17,41.5,0.47,2.3,5,14.1,HIGH
23,15,8,7,16.0,0.23,4.5,1,4.1,MEDIUM
41,9,32,29,23.4,0.22,1.2,3,7.1,HIGH
188,120,68,17,31.8,0.8,1.3,0,5.5,MEDIUM
134,105,29,7,26.2,0.83,0.9,1,4.0,MEDIUM
175,16,159,15,25.3,2.12,0.9,3,13.1,HIGH
106,92,14,22,21.2,0.13,8.9,0,5.0,MEDIUM
32,2,30,2,30.6,3.0,3.0,1,16.8,HIGH
72,26,46,26,32.2,0.35,0.5,2,7.7,HIGH
152,9,143,10,33.4,2.86,3.8,4,20.8,HIGH
162,19,143,26,9.0,1.1,3.8,1,5.7,MEDIUM
154,133,21,28,32.5,0.15,3.3,2,6.4,MEDIUM
62,22,40,25,46.0,0.32,0.4,3,10.7,HIGH
113,48,65,14,28.7,0.93,1.6,2,6.8,MEDIUM
113,27,86,27,36.0,0.64,0.3,4,11.6,HIGH
188,110,78,20,29.4,0.78,5.1,5,15.2,HIGH
48,28,20,18,41.9,0.22,3.2,3,11.0,HIGH
188,72,116,12,45.0,1.93,2.1,0,12.4,HIGH
143,50,93,29,13.7,0.64,1.3,1,3.0,MEDIUM
76,64,12,29,24.3,0.08,0.6,2,3.4,MEDIUM
144,56,88,9,22.5,1.96,0.3,1,8.3,HIGH
188,92,96,24,23.0,0.8,10.4,3,11.1,HIGH
51,15,36,6,11.3,1.2,0.7,2,5.6,MEDIUM
24,18,6,11,40.2,0.11,0.2,3,6.1,MEDIUM
120,48,72,8,7.5,1.8,9.8,2,12.3,HIGH
166,85,81,11,28.2,1.47,2.4,1,7.7,HIGH
42,11,31,5,33.8,1.24,4.8,2,11.6,HIGH
164,153,11,10,14.7,0.22,0.1,3,6.0,MEDIUM
173,54,119,28,44.0,0.85,2.5,1,8.5,HIGH
166,123,43,27,41.2,0.32,1.5,3,11.0,HIGH
47,20,27,15,25.8,0.36,4.4,4,11.5,HIGH
194,45,149,3,23.3,9.93,0.1,4,45.0,HIGH
106,81,25,26,15.9,0.19,1.5,1,2.9,MEDIUM
164,57,107,10,36.7,2.14,4.8,6,23.2,HIGH
192,159,33,22,11.5,0.3,2.2,3,6.7,MEDIUM
42,36,6,28,34.6,0.04,2.4,6,12.5,HIGH
95,78,17,2,41.4,1.7,0.3,6,16.6,HIGH
75,6,69,24,15.6,0.57,0.4,4,6.1,MEDIUM
19,14,5,11,42.4,0.09,3.4,4,9.5,HIGH
14,5,9,11,7.4,0.16,3.4,4,7.5,HIGH
132,110,22,21,44.3,0.21,11.6,2,12.4,HIGH
83,51,32,26,11.0,0.25,3.7,1,2.5,MEDIUM
106,84,22,23,33.1,0.19,2.0,1,4.6,MEDIUM
127,63,64,4,16.5,3.2,5.8,0,13.6,HIGH
47,24,23,7,41.1,0.66,0.3,2,6.7,MEDIUM
150,26,124,27,27.5,0.92,1.8,2,7.5,HIGH
168,126,42,7,11.7,1.2,1.0,3,8.7,HIGH
56,23,33,22,30.0,0.3,0.3,2,5.5,MEDIUM
118,59,59,3,23.1,3.93,4.3,5,28.3,HIGH
189,142,47,27,33.8,0.35,2.1,2,7.7,HIGH
193,113,80,27,43.0,0.59,2.4,2,10.6,HIGH
24,5,19,19,23.2,0.2,1.6,4,8.6,HIGH
166,96,70,24,18.2,0.58,1.9,5,11.2,HIGH
145,60,85,3,6.6,5.67,0.4,2,26.9,HIGH
14,6,8,13,30.1,0.12,3.4,3,9.6,HIGH
166,12,154,23,22.9,1.34,1.7,2,7.9,HIGH
56,13,43,6,21.7,1.43,5.1,0,7.4,HIGH
77,23,54,21,13.7,0.51,0.7,2,4.3,MEDIUM
85,58,27,8,24.1,0.68,0.7,4,11.5,HIGH
182,10,172,25,47.3,1.38,3.1,2,12.9,HIGH
139,58,81,17,18.5,0.95,5.6,2,6.9,MEDIUM
164,144,20,21,31.2,0.19,1.9,4,11.2,HIGH
104,15,89,2,38.6,8.9,3.9,3,45.0,HIGH
124,63,61,2,37.5,6.1,21.9,3,43.0,HIGH
173,131,42,18,19.8,0.47,13.9,1,10.3,HIGH
45,40,5,28,31.7,0.04,4.1,3,9.3,HIGH
35,25,10,2,42.6,1.0,4.0,3,12.7,HIGH
52,36,16,22,6.6,0.15,0.9,2,3.3,MEDIUM
36,28,8,21,24.3,0.08,5.4,2,7.8,HIGH
78,35,43,14,15.4,0.61,1.6,4,8.1,HIGH
157,121,36,10,22.3,0.72,9.8,1,8.3,HIGH
20,1,19,16,23.5,0.24,0.3,2,3.6,MEDIUM
83,73,10,4,37.4,0.5,1.7,0,4.9,MEDIUM
113,50,63,15,9.9,0.84,2.4,3,7.9,HIGH
47,25,22,24,27.5,0.18,1.6,4,9.8,HIGH
143,39,104,12,29.7,1.73,0.7,3,12.1,HIGH
32,22,10,25,26.8,0.08,2.7,5,10.5,HIGH
56,6,50,23,36.7,0.43,4.2,3,10.9,HIGH
99,82,17,13,22.1,0.26,3.1,4,10.3,HIGH
55,43,12,14,45.7,0.17,0.8,2,6.6,MEDIUM
116,28,88,27,26.2,0.65,3.9,5,12.4,HIGH
149,115,34,14,30.0,0.49,0.9,1,5.4,MEDIUM
150,113,37,2,40.7,3.7,0.6,1,19.4,HIGH
113,69,44,25,17.6,0.35,3.5,1,5.1,MEDIUM
199,76,123,11,9.2,2.24,5.6,1,11.8,HIGH
120,35,85,4,35.7,4.25,2.0,1,24.4,HIGH
113,29,84,25,26.3,0.67,2.3,3,11.4,HIGH
69,23,46,29,43.7,0.32,1.1,4,12.1,HIGH
180,155,25,5,47.3,1.0,2.0,2,10.6,HIGH
109,13,96,17,22.8,1.13,0.4,2,8.0,HIGH
77,61,16,9,23.4,0.36,9.4,5,13.0,HIGH
142,51,91,17,23.1,1.07,4.8,1,7.6,HIGH
129,67,62,28,19.6,0.44,3.3,1,5.7,MEDIUM
46,35,11,18,38.8,0.12,2.3,3,10.4,HIGH
81,68,13,20,37.9,0.13,4.7,3,11.9,HIGH
136,49,87,23,26.1,0.76,2.0,6,13.3,HIGH
115,53,62,16,7.9,0.78,1.1,4,9.4,HIGH
101,42,59,17,19.0,0.69,0.5,5,10.3,HIGH
40,2,38,16,18.3,0.48,3.1,3,7.8,HIGH
131,41,90,26,40.1,0.69,8.0,2,11.9,HIGH
146,67,79,3,9.7,5.27,0.5,4,30.4,HIGH
60,25,35,12,39.8,0.58,0.6,2,8.3,HIGH
38,26,12,2,34.1,1.2,1.7,1,6.0,MEDIUM
49,19,30,16,36.8,0.38,4.9,1,7.7,HIGH
50,24,26,27,24.2,0.19,1.0,0,2.5,MEDIUM
20,8,12,20,34.5,0.12,0.9,4,9.8,HIGH
160,114,46,5,31.6,1.84,2.9,6,18.8,HIGH
10,8,2,12,38.3,0.03,2.3,1,5.8,MEDIUM
55,29,26,6,24.8,0.87,0.2,1,4.6,MEDIUM
110,83,27,4,25.9,1.35,0.3,3,11.1,HIGH
158,50,108,14,33.0,1.54,3.1,2,13.3,HIGH
99,53,46,11,10.5,0.84,1.9,2,6.9,MEDIUM
119,42,77,12,24.3,1.28,10.6,3,12.5,HIGH
173,73,100,19,46.8,1.05,3.4,7,19.8,HIGH
191,135,56,3,7.6,3.73,0.0,3,20.1,HIGH
66,55,11,8,19.3,0.28,2.0,0,2.7,MEDIUM
10,1,9,10,19.2,0.18,1.6,4,8.1,HIGH
72,44,28,11,32.6,0.51,0.3,2,7.7,HIGH
191,109,82,19,10.4,0.86,7.7,3,12.0,HIGH
64,10,54,24,32.4,0.45,4.9,1,4.8,MEDIUM
124,29,95,8,10.0,2.38,0.8,1,9.3,HIGH
177,58,119,28,10.0,0.85,0.9,3,8.2,HIGH
152,30,122,8,36.6,3.05,0.1,2,17.8,HIGH
158,42,116,4,19.6,5.8,1.1,3,32.4,HIGH
184,53,131,13,47.1,2.02,2.6,1,13.2,HIGH
62,21,41,8,7.6,1.02,1.6,3,9.6,HIGH
146,105,41,18,24.7,0.46,10.4,0,7.9,HIGH
189,106,83,27,10.8,0.61,0.2,1,3.4,MEDIUM
66,61,5,2,20.8,0.5,2.7,3,9.7,HIGH
126,53,73,6,47.9,2.43,5.9,3,20.6,HIGH
163,118,45,17,43.3,0.53,2.0,0,6.2,MEDIUM
178,148,30,16,8.0,0.38,0.0,0,2.6,MEDIUM
44,29,15,3,29.7,1.0,0.8,4,9.3,HIGH
72,30,42,10,33.2,0.84,1.2,1,6.8,MEDIUM
34,24,10,8,14.8,0.25,10.1,4,11.4,HIGH
99,23,76,5,12.1,3.04,7.3,5,22.1,HIGH
84,28,56,21,44.0,0.53,8.9,1,9.7,HIGH
47,25,22,19,46.7,0.23,5.2,3,11.9,HIGH
139,78,61,22,47.7,0.55,1.3,5,12.7,HIGH
144,10,134,5,39.2,5.36,7.1,4,38.2,HIGH
171,154,17,29,33.9,0.12,12.0,1,11.3,HIGH
100,67,33,14,20.5,0.47,1.3,3,7.1,HIGH
26,12,14,2,13.2,1.4,0.9,1,4.7,MEDIUM
137,121,16,29,9.3,0.11,2.4,2,2.6,MEDIUM
180,80,100,25,35.1,0.8,0.6,4,10.5,HIGH
196,182,14,4,39.0,0.7,0.1,0,6.8,MEDIUM
117,59,58,17,40.7,0.68,8.7,2,11.9,HIGH
188,28,160,23,44.4,1.39,7.8,2,13.1,HIGH
191,141,50,5,43.0,2.0,0.5,1,11.9,HIGH
161,106,55,26,48.0,0.42,1.6,3,10.5,HIGH
34,25,9,24,16.3,0.08,5.3,0,0.4,LOW
189,171,18,26,38.1,0.14,3.2,0,4.5,MEDIUM
97,72,25,17,30.6,0.29,1.5,0,2.2,MEDIUM
170,102,68,27,17.0,0.5,4.1,5,11.4,HIGH
186,152,34,20,47.2,0.34,6.8,2,12.5,HIGH
38,24,14,2,43.7,1.4,7.8,5,17.6,HIGH
72,30,42,6,11.4,1.4,1.4,2,7.1,HIGH
159,134,25,20,7.1,0.25,0.6,3,5.6,MEDIUM
163,40,123,23,34.9,1.07,7.3,4,13.7,HIGH
165,114,51,25,31.4,0.41,0.3,1,2.2,MEDIUM
123,103,20,12,45.3,0.33,3.8,1,7.0,MEDIUM
58,41,17,14,15.8,0.24,0.5,2,3.0,MEDIUM
90,60,30,21,9.5,0.29,1.5,0,1.4,LOW
93,67,26,6,16.9,0.87,1.6,0,3.0,MEDIUM
114,53,61,22,6.8,0.55,0.5,1,4.5,MEDIUM
186,155,31,5,7.5,1.24,7.7,0,4.6,MEDIUM
157,36,121,5,44.4,4.84,0.0,3,29.0,HIGH
127,20,107,5,20.8,4.28,6.7,1,22.2,HIGH
95,29,66,5,23.3,2.64,6.5,1,14.4,HIGH
72,38,34,21,6.8,0.32,1.1,2,4.6,MEDIUM
198,100,98,22,17.4,0.89,3.7,4,10.6,HIGH
113,89,24,19,39.8,0.25,0.9,3,7.0,MEDIUM
58,24,34,19,31.9,0.36,4.3,0,6.3,MEDIUM
80,38,42,17,37.7,0.49,2.5,1,7.5,HIGH
10,0,10,10,24.8,0.2,1.1,2,6.5,MEDIUM
150,62,88,19,19.0,0.93,1.5,1,1.9,LOW
188,119,69,23,26.3,0.6,3.5,3,10.1,HIGH
132,8,124,3,19.6,8.27,7.1,2,44.3,HIGH
193,58,135,22,41.2,1.23,0.4,1,7.8,HIGH
71,16,55,5,18.5,2.2,2.5,0,10.1,HIGH
41,3,38,13,33.7,0.58,0.9,3,9.9,HIGH
167,80,87,8,11.8,2.17,4.8,2,11.2,HIGH
38,8,30,16,34.8,0.38,0.2,1,6.3,MEDIUM
58,41,17,8,44.4,0.42,3.5,1,8.6,HIGH
182,147,35,23,31.6,0.3,0.6,1,4.4,MEDIUM
39,21,18,27,29.5,0.13,2.7,3,8.8,HIGH
153,142,11,22,46.4,0.1,5.4,4,12.9,HIGH
177,80,97,18,32.4,1.08,4.2,4,13.4,HIGH
28,14,14,17,16.9,0.16,4.2,3,7.4,HIGH
27,25,2,29,18.3,0.01,2.2,2,5.1,MEDIUM
10,2,8,20,35.6,0.08,6.6,0,8.1,HIGH
87,78,9,10,36.9,0.18,2.7,2,9.0,HIGH
124,10,114,15,18.7,1.52,7.5,2,11.3,HIGH
184,83,101,18,20.5,1.12,2.4,0,3.5,MEDIUM
122,13,109,6,47.6,3.63,2.1,0,18.3,HIGH
123,86,37,3,10.3,2.47,0.8,2,11.8,HIGH
175,104,71,21,23.0,0.68,2.4,2,6.1,MEDIUM
188,128,60,17,8.6,0.71,0.5,3,7.3,HIGH
72,27,45,15,40.5,0.6,6.1,4,13.6,HIGH
141,53,88,15,9.9,1.17,3.4,2,8.8,HIGH
138,12,126,28,34.3,0.9,15.2,1,10.4,HIGH
17,6,11,2,8.4,1.1,0.3,0,2.3,MEDIUM
166,147,19,4,34.3,0.95,0.8,2,8.8,HIGH
64,25,39,27,41.4,0.29,6.3,3,10.6,HIGH
112,89,23,8,22.8,0.57,1.5,1,5.6,MEDIUM
140,113,27,27,27.9,0.2,1.9,2,7.2,HIGH
41,15,26,16,22.9,0.32,5.9,0,3.6,MEDIUM
19,11,8,20,18.6,0.08,2.2,7,15.8,HIGH
119,16,103,21,39.7,0.98,0.6,0,4.7,MEDIUM
171,24,147,3,17.4,9.8,6.7,1,45.0,HIGH
133,12,121,20,36.4,1.21,0.1,3,10.0,HIGH
96,54,42,10,14.7,0.84,6.8,1,6.4,MEDIUM
64,27,37,20,16.5,0.37,0.2,2,2.3,MEDIUM
41,22,19,28,20.1,0.14,3.3,3,7.8,HIGH
187,97,90,6,30.7,3.0,0.2,1,18.1,HIGH
144,52,92,19,25.1,0.97,3.7,3,8.2,HIGH
102,67,35,17,37.3,0.41,0.1,2,7.6,HIGH
17,12,5,5,15.0,0.2,5.5,5,11.8,HIGH
74,4,70,13,6.4,1.08,1.9,1,5.7,MEDIUM
66,15,51,8,38.6,1.27,0.3,2,12.2,HIGH
76,52,24,15,40.5,0.32,3.7,4,11.7,HIGH
196,77,119,24,8.5,0.99,2.0,1,7.0,MEDIUM
81,52,29,13,31.7,0.45,0.6,4,9.9,HIGH
63,22,41,4,21.9,2.05,0.0,1,8.1,HIGH
76,30,46,6,39.3,1.53,1.6,3,14.7,HIGH
60,11,49,18,42.7,0.54,0.3,3,9.7,HIGH
106,29,77,27,41.7,0.57,0.3,2,9.8,HIGH
101,60,41,11,38.6,0.75,0.9,1,6.4,MEDIUM
17,7,10,11,17.3,0.18,3.0,2,3.5,MEDIUM
171,127,44,12,40.1,0.73,2.3,4,11.1,HIGH
44,35,9,18,28.4,0.1,0.2,0,3.0,MEDIUM
105,56,49,6,8.2,1.63,10.4,4,13.3,HIGH
97,71,26,14,25.2,0.37,6.5,4,11.0,HIGH
87,28,59,11,45.6,1.07,0.9,2,9.6,HIGH
41,17,24,10,43.3,0.48,0.4,1,5.9,MEDIUM
129,89,40,18,10.3,0.44,8.6,1,5.1,MEDIUM
55,21,34,2,37.3,3.4,1.9,5,25.5,HIGH
153,88,65,5,39.8,2.6,1.1,2,12.8,HIGH
174,37,137,5,17.4,5.48,2.0,2,29.5,HIGH
191,112,79,19,25.8,0.83,4.4,2,6.7,MEDIUM
151,124,27,10,35.9,0.54,0.6,0,3.0,MEDIUM
64,53,11,26,24.4,0.08,4.4,3,6.3,MEDIUM
185,129,56,19,10.7,0.59,4.2,3,8.1,HIGH
16,11,5,15,35.6,0.07,2.3,3,10.6,HIGH
83,45,38,26,44.3,0.29,6.0,3,11.9,HIGH
16,9,7,16,33.4,0.09,0.4,4,9.9,HIGH
170,28,142,7,38.5,4.06,2.7,3,26.7,HIGH
160,71,89,25,21.1,0.71,1.8,0,4.0,MEDIUM
94,42,52,11,13.7,0.95,1.6,0,1.6,LOW
156,142,14,16,33.0,0.18,0.9,1,6.8,MEDIUM
121,52,69,5,19.8,2.76,1.4,2,13.9,HIGH
134,72,62,19,42.1,0.65,0.3,2,9.0,HIGH
156,82,74,19,11.2,0.78,0.9,2,5.1,MEDIUM
45,28,17,26,24.2,0.13,1.0,1,3.0,MEDIUM
38,27,11,18,22.7,0.12,3.8,1,5.5,MEDIUM
197,49,148,13,45.4,2.28,0.1,0,12.7,HIGH
91,47,44,8,12.4,1.1,3.2,2,4.3,MEDIUM
11,8,3,17,6.4,0.04,0.8,2,4.1,MEDIUM
138,64,74,12,16.0,1.23,0.3,3,10.2,HIGH
56,16,40,15,40.5,0.53,1.1,1,7.1,HIGH
157,100,57,4,14.8,2.85,0.8,1,11.8,HIGH
20,15,5,20,16.1,0.05,2.4,1,2.2,MEDIUM
139,14,125,19,11.5,1.32,1.3,3,7.6,HIGH
128,95,33,11,36.0,0.6,10.1,3,11.8,HIGH
149,117,32,7,8.9,0.91,9.9,2,9.0,HIGH
29,13,16,14,19.9,0.23,1.8,3,6.4,MEDIUM
14,13,1,11,17.9,0.02,4.8,1,4.6,MEDIUM
46,34,12,19,29.3,0.13,0.0,3,6.5,MEDIUM
175,130,45,27,36.7,0.33,2.4,2,10.4,HIGH
146,105,41,21,28.4,0.39,4.1,4,9.7,HIGH
62,11,51,27,45.1,0.38,0.7,1,7.3,HIGH
181,44,137,17,46.0,1.61,0.2,5,15.6,HIGH
108,50,58,26,21.2,0.45,0.5,7,12.5,HIGH
95,27,68,26,38.7,0.52,1.7,4,11.3,HIGH
117,49,68,7,37.0,1.94,2.1,1,11.5,HIGH
33,28,5,14,43.5,0.07,1.4,0,5.8,MEDIUM
90,71,19,5,24.8,0.76,1.7,5,11.2,HIGH
167,103,64,24,28.3,0.53,1.9,4,8.4,HIGH
129,106,23,15,23.5,0.31,4.4,1,6.8,MEDIUM
68,51,17,2,41.7,1.7,0.3,5,15.2,HIGH
137,59,78,29,15.6,0.54,4.4,1,4.3,MEDIUM
123,28,95,21,16.1,0.9,3.5,2,6.7,MEDIUM
124,63,61,6,21.6,2.03,4.1,1,10.1,HIGH
23,16,7,9,15.7,0.16,4.0,4,6.7,MEDIUM
18,7,11,13,29.6,0.17,1.9,3,9.0,HIGH
49,31,18,3,11.6,1.2,0.7,2,2.8,MEDIUM
34,4,30,13,19.4,0.46,2.3,1,5.3,MEDIUM
112,80,32,6,44.4,1.07,9.5,1,13.4,HIGH
31,24,7,23,23.2,0.06,2.7,0,3.4,MEDIUM
13,8,5,6,37.4,0.17,0.0,4,9.6,HIGH
163,150,13,14,10.8,0.19,0.2,5,8.7,HIGH
195,154,41,10,16.4,0.82,14.8,3,11.8,HIGH
38,32,6,11,39.9,0.11,0.2,2,7.2,HIGH
118,105,13,2,38.0,1.3,0.1,1,8.6,HIGH
107,82,25,4,22.2,1.25,1.3,3,7.8,HIGH
46,30,16,19,46.1,0.17,10.5,1,10.5,HIGH
84,4,80,13,44.2,1.23,1.2,1,8.5,HIGH
79,37,42,4,46.4,2.1,1.6,3,17.9,HIGH
155,87,68,27,24.0,0.5,3.0,6,12.0,HIGH
137,44,93,26,14.3,0.72,0.1,5,10.4,HIGH
94,31,63,10,32.3,1.26,6.8,2,11.1,HIGH
51,46,5,27,34.8,0.04,2.2,1,5.2,MEDIUM
109,92,17,3,11.3,1.13,1.9,2,7.3,HIGH
50,40,10,4,39.0,0.5,5.9,1,8.1,HIGH
175,72,103,15,6.8,1.37,9.2,3,11.7,HIGH
43,2,41,5,26.3,1.64,1.7,1,9.3,HIGH
26,3,23,26,19.9,0.18,0.6,1,1.9,LOW
174,57,117,20,37.1,1.17,5.1,6,17.8,HIGH
162,10,152,14,19.1,2.17,1.5,2,12.2,HIGH
131,8,123,8,40.7,3.08,8.2,4,25.6,HIGH
85,74,11,13,31.0,0.17,9.0,1,9.4,HIGH
96,65,31,4,39.3,1.55,0.4,0,7.2,HIGH
126,41,85,24,47.6,0.71,9.4,1,12.5,HIGH
115,19,96,24,34.5,0.8,1.4,4,12.9,HIGH
95,48,47,10,47.4,0.94,3.1,4,12.4,HIGH
36,1,35,3,7.2,2.33,0.1,6,16.9,HIGH
66,59,7,23,20.2,0.06,6.6,1,5.5,MEDIUM
40,16,24,10,10.5,0.48,3.1,4,9.8,HIGH
143,58,85,13,17.0,1.31,3.1,2,7.8,HIGH
177,71,106,13,41.2,1.63,7.0,3,17.1,HIGH
107,12,95,16,7.4,1.19,2.1,4,9.3,HIGH
21,13,8,3,27.8,0.53,1.6,0,2.1,MEDIUM
62,44,18,19,29.8,0.19,6.0,3,10.7,HIGH
147,96,51,14,29.6,0.73,4.1,5,13.2,HIGH
182,31,151,15,26.0,2.01,8.9,4,16.5,HIGH
154,87,67,6,39.2,2.23,8.4,1,17.7,HIGH
163,91,72,27,11.6,0.53,1.4,3,7.5,HIGH
199,165,34,11,19.0,0.62,1.8,1,4.9,MEDIUM
131,51,80,13,31.9,1.23,0.9,0,7.4,HIGH
55,21,34,11,35.0,0.62,3.2,3,9.9,HIGH
73,44,29,25,23.0,0.23,1.4,2,7.0,MEDIUM
139,86,53,12,42.8,0.88,4.6,0,8.3,HIGH
63,29,34,26,23.5,0.26,0.4,1,2.8,MEDIUM
116,52,64,3,22.9,4.27,0.4,0,19.1,HIGH
60,29,31,6,7.5,1.03,0.7,3,7.6,HIGH
190,156,34,8,29.1,0.85,0.3,3,10.1,HIGH
45,20,25,7,35.8,0.71,2.9,1,5.7,MEDIUM
124,111,13,23,10.8,0.11,0.5,2,1.6,LOW
35,17,18,24,18.8,0.15,0.5,3,4.8,MEDIUM
38,34,4,4,38.8,0.2,0.0,3,8.6,HIGH
158,126,32,14,21.4,0.46,4.6,5,12.5,HIGH
20,7,13,4,16.1,0.65,5.0,4,9.3,HIGH
49,40,9,27,34.2,0.07,0.5,2,6.8,MEDIUM
20,2,18,26,14.3,0.14,4.0,4,10.2,HIGH
173,152,21,25,43.6,0.17,1.7,1,4.8,MEDIUM
122,75,47,22,10.4,0.43,0.8,0,1.1,LOW
196,19,177,7,35.7,5.06,2.9,7,40.3,HIGH
48,30,18,12,27.0,0.3,0.6,1,3.3,MEDIUM
63,58,5,29,42.5,0.03,4.2,3,9.6,HIGH
107,12,95,27,11.3,0.7,0.1,2,5.4,MEDIUM
64,35,29,18,34.5,0.32,9.6,2,9.9,HIGH
120,86,34,11,30.0,0.62,0.2,3,9.7,HIGH
161,125,36,13,26.2,0.55,2.6,3,11.6,HIGH
159,67,92,18,26.6,1.02,7.0,2,10.0,HIGH
78,18,60,5,36.3,2.4,0.0,1,16.0,HIGH
65,5,60,3,45.4,4.0,2.1,3,26.0,HIGH
42,24,18,12,9.8,0.3,1.3,1,2.6,MEDIUM
45,20,25,8,6.8,0.62,2.6,0,1.3,LOW
157,141,16,3,39.8,1.07,0.8,3,10.6,HIGH
90,9,81,27,10.5,0.6,0.2,6,10.7,HIGH
199,132,67,19,47.4,0.71,2.9,0,8.0,HIGH
118,8,110,22,32.0,1.0,1.6,5,11.8,HIGH
163,33,130,5,33.3,5.2,2.9,3,30.7,HIGH
82,37,45,9,14.4,1.0,0.7,2,5.1,MEDIUM
49,22,27,21,16.1,0.26,1.2,1,3.7,MEDIUM
26,17,9,15,33.7,0.12,2.5,7,15.3,HIGH
138,119,19,13,44.2,0.29,2.7,2,9.3,HIGH
70,43,27,23,47.3,0.23,1.4,1,7.5,HIGH
180,163,17,22,14.3,0.15,1.0,2,1.9,LOW
113,95,18,28,11.6,0.13,1.0,3,7.4,HIGH
51,29,22,19,8.4,0.23,0.6,4,6.1,MEDIUM
34,27,7,12,42.5,0.12,1.2,4,12.2,HIGH
48,30,18,29,18.4,0.12,0.7,3,5.4,MEDIUM
44,5,39,9,6.1,0.87,3.0,1,4.0,MEDIUM
140,100,40,3,15.4,2.67,2.5,3,16.6,HIGH
117,15,102,26,20.3,0.78,1.4,2,4.7,MEDIUM
181,105,76,16,47.6,0.95,1.2,1,7.6,HIGH
188,128,60,10,28.0,1.2,0.8,2,8.2,HIGH
111,12,99,20,14.6,0.99,2.3,3,8.2,HIGH
107,27,80,21,20.1,0.76,7.5,4,12.7,HIGH
21,18,3,9,19.9,0.07,3.5,3,7.8,HIGH
28,16,12,26,6.8,0.09,4.1,3,6.6,MEDIUM
110,29,81,20,11.7,0.81,5.4,4,10.5,HIGH
53,35,18,6,35.2,0.6,1.3,3,9.4,HIGH
196,115,81,12,11.1,1.35,0.2,2,8.0,HIGH
58,29,29,16,15.7,0.36,2.9,2,4.0,MEDIUM
198,183,15,9,20.7,0.33,0.6,5,9.7,HIGH
26,17,9,20,37.8,0.09,2.5,0,5.4,MEDIUM
83,32,51,24,30.5,0.42,4.0,4,12.5,HIGH
66,50,16,28,34.9,0.11,4.6,4,10.5,HIGH
64,54,10,9,29.8,0.22,1.1,1,3.4,MEDIUM
56,9,47,27,34.7,0.35,2.2,2,6.2,MEDIUM
21,4,17,28,6.1,0.12,2.9,5,9.0,HIGH
71,17,54,20,45.1,0.54,5.1,3,12.7,HIGH
89,59,30,19,10.7,0.32,4.3,1,3.5,MEDIUM
92,54,38,11,23.1,0.69,13.3,0,8.8,HIGH
17,10,7,8,38.4,0.18,0.0,0,3.7,MEDIUM
158,141,17,29,24.3,0.12,1.7,2,6.1,MEDIUM
90,67,23,10,45.8,0.46,0.9,3,10.8,HIGH
127,20,107,2,25.6,10.7,0.4,2,45.0,HIGH
34,12,22,20,42.7,0.22,7.3,3,10.8,HIGH
98,43,55,6,40.1,1.83,18.6,1,19.2,HIGH
21,8,13,20,47.2,0.13,0.6,3,8.9,HIGH
152,99,53,2,44.9,5.3,0.1,5,36.7,HIGH
68,57,11,16,43.7,0.14,1.0,2,8.2,HIGH
163,53,110,17,36.7,1.29,5.4,4,13.4,HIGH
118,64,54,24,21.4,0.45,1.0,2,6.3,MEDIUM
35,26,9,8,10.5,0.22,0.2,1,1.6,LOW
56,23,33,27,34.9,0.24,0.2,2,6.9,MEDIUM
41,8,33,13,47.1,0.51,1.7,2,9.4,HIGH
19,9,10,9,36.5,0.22,8.1,0,3.6,MEDIUM
25,2,23,6,45.0,0.77,1.0,3,12.1,HIGH
154,138,16,11,39.8,0.29,1.7,2,9.0,HIGH
160,18,142,29,12.9,0.98,0.3,1,3.3,MEDIUM
35,15,20,22,16.5,0.18,2.0,3,6.8,MEDIUM
95,50,45,6,20.4,1.5,3.6,0,4.4,MEDIUM
144,134,10,18,13.1,0.11,0.9,4,6.0,MEDIUM
23,4,19,27,30.4,0.14,1.1,2,6.4,MEDIUM
88,13,75,6,47.0,2.5,5.5,5,22.6,HIGH
126,7,119,23,38.0,1.03,0.0,6,15.1,HIGH
16,3,13,16,23.8,0.16,3.0,2,4.8,MEDIUM
146,34,112,14,6.2,1.6,1.5,0,3.0,MEDIUM
124,76,48,29,19.2,0.33,1.1,1,3.5,MEDIUM
185,45,140,2,28.1,14.0,3.2,0,45.0,HIGH
81,5,76,12,19.6,1.27,5.4,2,8.8,HIGH
68,53,15,24,10.7,0.12,2.5,2,4.1,MEDIUM
91,34,57,2,24.6,5.7,0.1,1,27.5,HIGH
125,46,79,12,16.6,1.32,1.9,2,5.7,MEDIUM
176,56,120,19,44.2,1.26,1.9,1,8.1,HIGH
155,143,12,19,10.3,0.13,2.4,3,5.3,MEDIUM
196,39,157,22,8.1,1.43,3.3,0,5.8,MEDIUM
112,96,16,27,6.2,0.12,0.1,2,3.8,MEDIUM
26,19,7,17,19.8,0.08,2.1,1,3.6,MEDIUM
23,2,21,14,33.7,0.3,2.7,0,2.9,MEDIUM
168,157,11,8,36.7,0.28,1.3,1,6.1,MEDIUM
161,47,114,2,25.0,11.4,3.3,3,45.0,HIGH
117,16,101,27,34.7,0.75,0.8,4,13.1,HIGH
197,156,41,17,21.1,0.48,1.1,3,7.1,HIGH
54,37,17,2,34.0,1.7,9.9,4,17.0,HIGH
107,64,43,18,7.7,0.48,1.3,1,2.3,MEDIUM
140,26,114,7,22.4,3.26,1.3,4,20.6,HIGH
46,22,24,3,39.2,1.6,2.7,1,9.8,HIGH
180,135,45,18,39.7,0.5,10.6,3,15.1,HIGH
177,57,120,7,36.1,3.43,12.2,1,24.1,HIGH
192,63,129,15,14.6,1.72,2.6,5,12.4,HIGH
117,6,111,19,16.4,1.17,0.0,3,7.5,HIGH
48,9,39,7,47.8,1.11,6.9,2,16.2,HIGH
24,20,4,11,10.3,0.07,2.5,4,5.8,MEDIUM
129,57,72,25,13.6,0.58,1.4,5,9.6,HIGH
13,12,1,19,11.5,0.01,5.3,5,11.0,HIGH
102,41,61,28,19.8,0.44,1.5,2,5.1,MEDIUM
162,112,50,10,14.8,1.0,0.1,0,1.9,LOW
150,45,105,9,26.9,2.33,5.2,2,14.1,HIGH
170,64,106,29,26.0,0.73,2.4,1,4.4,MEDIUM
25,5,20,11,43.9,0.36,1.2,1,6.9,MEDIUM
179,64,115,18,7.5,1.28,0.9,7,15.7,HIGH
117,63,54,24,19.4,0.45,2.7,3,5.9,MEDIUM
135,127,8,27,31.1,0.06,0.7,4,9.4,HIGH
64,41,23,7,31.4,0.66,1.2,3,10.4,HIGH
179,41,138,15,26.2,1.84,3.0,4,14.3,HIGH
43,3,40,23,40.3,0.35,6.4,7,17.7,HIGH
167,27,140,23,8.6,1.22,2.3,2,7.7,HIGH
22,12,10,7,40.3,0.29,4.3,2,8.1,HIGH
150,110,40,27,26.8,0.3,4.3,5,12.5,HIGH
27,24,3,8,11.6,0.08,3.3,0,1.3,LOW
169,10,159,13,43.2,2.45,0.8,4,19.2,HIGH
105,54,51,4,33.3,2.55,6.0,4,22.3,HIGH
132,62,70,15,12.9,0.93,1.7,2,7.4,HIGH
48,30,18,23,7.4,0.16,0.1,3,7.0,MEDIUM
55,30,25,20,11.9,0.25,0.8,5,7.9,HIGH
38,25,13,24,31.6,0.11,4.4,1,4.7,MEDIUM
199,127,72,17,13.5,0.85,0.2,0,2.5,MEDIUM
71,11,60,8,15.5,1.5,0.5,0,4.0,MEDIUM
194,149,45,9,7.1,1.0,3.6,3,6.1,MEDIUM
25,4,21,19,36.4,0.22,6.7,2,9.8,HIGH
193,130,63,26,40.0,0.48,3.0,3,13.2,HIGH
130,55,75,14,39.5,1.07,0.8,1,10.1,HIGH
19,9,10,22,11.4,0.09,0.2,3,4.2,MEDIUM
167,144,23,10,43.9,0.46,2.9,2,10.4,HIGH
162,137,25,11,34.2,0.45,0.1,5,10.7,HIGH
112,88,24,22,43.7,0.22,2.8,6,15.3,HIGH
93,47,46,24,24.8,0.38,0.8,0,1.5,LOW
142,101,41,28,24.4,0.29,7.1,3,8.1,HIGH
74,37,37,10,39.0,0.74,1.9,3,11.7,HIGH
186,154,32,16,9.9,0.4,0.8,2,4.8,MEDIUM
12,4,8,21,27.9,0.08,5.8,4,11.2,HIGH
182,168,14,3,41.1,0.93,0.9,2,10.2,HIGH
151,134,17,26,40.9,0.13,1.1,1,6.3,MEDIUM
129,92,37,14,46.2,0.53,5.4,5,14.6,HIGH
167,50,117,3,35.3,7.8,1.1,2,43.2,HIGH
77,12,65,20,14.7,0.65,1.6,3,6.6,MEDIUM
155,126,29,27,6.9,0.21,1.3,2,4.0,MEDIUM
199,39,160,3,26.1,10.67,0.4,1,45.0,HIGH
46,37,9,4,27.6,0.45,0.1,3,5.8,MEDIUM
162,79,83,7,16.1,2.37,3.9,1,10.4,HIGH
185,76,109,4,11.2,5.45,3.1,1,27.6,HIGH
190,163,27,11,30.6,0.49,1.0,1,5.2,MEDIUM
82,48,34,25,38.1,0.27,1.1,2,9.7,HIGH
152,86,66,28,47.7,0.47,8.7,2,12.4,HIGH
58,32,26,7,37.8,0.74,13.2,1,12.1,HIGH
130,49,81,24,39.3,0.68,1.9,1,7.4,HIGH
97,73,24,17,31.9,0.28,4.9,2,6.9,MEDIUM
149,41,108,18,47.4,1.2,4.0,2,12.2,HIGH
196,175,21,20,32.9,0.21,1.1,0,2.2,MEDIUM
46,39,7,4,42.1,0.35,0.2,4,11.1,HIGH
70,24,46,19,45.7,0.48,0.5,5,11.6,HIGH
180,127,53,8,45.1,1.32,5.5,3,14.3,HIGH
133,75,58,10,22.0,1.16,3.9,4,11.7,HIGH
48,16,32,21,9.3,0.3,3.3,4,8.7,HIGH
193,181,12,13,13.2,0.18,0.4,2,2.1,MEDIUM
72,5,67,6,8.5,2.23,3.1,1,10.6,HIGH
55,15,40,4,10.4,2.0,4.4,3,13.4,HIGH
97,50,47,12,13.8,0.78,5.9,3,7.8,HIGH
20,10,10,26,20.3,0.08,0.0,3,6.8,MEDIUM
71,41,30,5,28.8,1.2,3.5,2,9.5,HIGH
86,62,24,6,35.9,0.8,0.1,0,4.8,MEDIUM
162,99,63,2,14.9,6.3,3.7,1,32.3,HIGH
61,36,25,28,34.2,0.18,3.0,3,11.1,HIGH
13,1,12,29,35.6,0.08,0.5,0,3.2,MEDIUM
68,26,42,19,29.5,0.44,4.4,1,5.8,MEDIUM
81,20,61,13,44.0,0.94,0.2,3,13.7,HIGH
157,45,112,14,10.7,1.6,5.3,1,7.4,HIGH
102,55,47,10,13.4,0.94,0.9,4,9.3,HIGH
72,16,56,3,24.0,3.73,3.5,1,19.1,HIGH
63,19,44,6,11.3,1.47,7.7,4,10.9,HIGH
126,33,93,14,29.8,1.33,1.2,2,8.4,HIGH
119,107,12,17,22.7,0.14,2.1,3,8.3,HIGH
83,74,9,17,18.0,0.11,1.9,3,5.1,MEDIUM
116,69,47,25,13.1,0.38,0.5,1,4.2,MEDIUM
66,58,8,4,20.1,0.4,2.7,3,8.3,HIGH
178,134,44,23,31.5,0.38,4.1,1,5.2,MEDIUM
12,6,6,5,30.2,0.24,7.5,4,10.6,HIGH
129,7,122,12,12.9,2.03,5.7,3,11.8,HIGH
15,11,4,24,11.2,0.03,2.1,2,3.6,MEDIUM
14,9,5,27,7.1,0.04,3.8,3,5.1,MEDIUM
14,8,6,15,6.5,0.08,4.8,0,3.6,MEDIUM
63,46,17,4,43.0,0.85,2.0,3,10.1,HIGH
56,28,28,17,7.9,0.33,0.4,1,1.4,LOW
186,127,59,23,36.7,0.51,1.7,3,11.6,HIGH
18,16,2,16,42.6,0.02,5.5,2,9.1,HIGH
108,41,67,29,10.1,0.46,2.7,5,10.6,HIGH
29,19,10,11,24.3,0.18,3.9,2,7.0,MEDIUM
131,62,69,10,46.4,1.38,0.6,1,7.8,HIGH
70,45,25,12,41.0,0.42,10.0,2,12.9,HIGH
132,97,35,17,26.6,0.41,1.6,3,8.7,HIGH
172,15,157,11,38.0,2.85,3.2,2,19.0,HIGH
187,118,69,18,41.0,0.77,0.1,1,6.3,MEDIUM
91,23,68,20,20.6,0.68,0.4,2,5.9,MEDIUM
71,46,25,3,43.5,1.67,4.6,2,13.2,HIGH
154,72,82,25,25.8,0.66,10.3,3,12.0,HIGH
12,8,4,24,28.2,0.03,1.2,1,3.0,MEDIUM
169,27,142,3,48.0,9.47,0.1,0,45.0,HIGH
22,13,9,7,41.4,0.26,1.3,1,7.7,HIGH
129,38,91,20,21.2,0.91,0.1,4,7.0,MEDIUM
134,109,25,9,6.4,0.56,0.6,0,1.1,LOW
98,86,12,27,32.3,0.09,4.2,4,11.5,HIGH
82,77,5,4,35.6,0.25,8.3,1,7.1,HIGH
77,59,18,27,33.3,0.13,0.3,1,5.1,MEDIUM
151,109,42,15,46.7,0.56,2.4,3,12.2,HIGH
110,26,84,26,42.2,0.65,0.9,0,5.6,MEDIUM
107,37,70,17,24.9,0.82,0.4,1,5.3,MEDIUM
20,9,11,2,8.6,1.1,0.7,4,11.1,HIGH
114,85,29,22,26.0,0.26,2.6,3,7.1,HIGH
193,168,25,4,34.9,1.25,0.2,3,8.9,HIGH
76,16,60,23,31.5,0.52,1.7,2,6.9,MEDIUM
132,116,16,27,28.6,0.12,0.4,1,2.7,MEDIUM
38,25,13,19,25.7,0.14,1.0,3,7.4,HIGH
146,87,59,10,18.3,1.18,0.6,3,7.5,HIGH
162,37,125,7,17.6,3.57,6.4,4,24.2,HIGH
85,8,77,24,27.0,0.64,3.7,0,4.9,MEDIUM
179,100,79,22,12.7,0.72,6.1,3,8.0,HIGH
18,11,7,26,20.3,0.05,1.5,6,9.9,HIGH
49,11,38,2,19.6,3.8,1.1,2,18.0,HIGH
34,18,16,22,30.7,0.15,1.4,3,9.1,HIGH
14,11,3,28,8.8,0.02,0.1,5,8.7,HIGH
148,118,30,11,40.8,0.55,3.9,4,12.4,HIGH
196,173,23,28,29.6,0.16,1.3,4,10.1,HIGH
133,50,83,7,34.2,2.37,1.1,2,13.0,HIGH
47,15,32,24,35.5,0.27,2.7,1,5.2,MEDIUM
81,58,23,13,18.2,0.35,1.7,3,5.4,MEDIUM
142,62,80,5,25.8,3.2,11.9,1,20.5,HIGH
185,23,162,29,46.2,1.12,1.3,4,13.2,HIGH
99,30,69,14,38.2,0.99,2.9,4,11.4,HIGH
155,66,89,18,46.7,0.99,1.1,3,12.2,HIGH
46,14,32,28,37.3,0.23,14.0,4,16.4,HIGH
69,24,45,9,13.4,1.0,1.8,2,6.0,MEDIUM
185,58,127,27,8.7,0.94,3.0,4,11.1,HIGH
37,3,34,21,30.3,0.32,0.4,5,12.0,HIGH
90,56,34,4,21.0,1.7,4.0,0,8.1,HIGH
123,72,51,13,17.6,0.78,0.9,2,6.5,MEDIUM
49,31,18,8,39.9,0.45,1.8,5,13.6,HIGH
54,12,42,13,21.4,0.65,6.4,2,6.5,MEDIUM
71,22,49,3,19.3,3.27,10.6,4,23.4,HIGH
102,61,41,25,41.7,0.33,1.7,0,4.7,MEDIUM
124,73,51,15,41.5,0.68,5.4,1,8.1,HIGH
195,98,97,23,21.0,0.84,0.2,2,5.2,MEDIUM
76,27,49,24,41.0,0.41,5.6,3,9.9,HIGH
65,56,9,6,41.7,0.3,3.0,6,16.4,HIGH
49,17,32,10,23.8,0.64,2.0,5,10.1,HIGH
107,49,58,22,8.8,0.53,6.6,3,9.6,HIGH
49,32,17,12,6.1,0.28,5.6,2,7.7,HIGH
100,53,47,6,28.0,1.57,1.1,4,11.5,HIGH
42,15,27,4,20.5,1.35,4.7,1,6.5,MEDIUM
15,6,9,28,47.9,0.06,0.3,2,8.8,HIGH
156,119,37,18,38.4,0.41,5.2,1,7.4,HIGH
89,26,63,3,38.0,4.2,3.4,4,27.6,HIGH
177,31,146,25,46.1,1.17,0.3,1,9.4,HIGH
101,33,68,2,43.3,6.8,3.4,2,39.0,HIGH
106,86,20,8,19.4,0.5,2.6,1,6.8,MEDIUM
68,8,60,15,13.0,0.8,2.7,3,8.4,HIGH
68,64,4,6,37.3,0.13,1.0,1,6.3,MEDIUM
57,30,27,20,21.9,0.27,0.9,4,8.1,HIGH
178,166,12,29,25.9,0.08,4.3,1,7.2,HIGH
22,19,3,29,32.5,0.02,0.9,2,5.2,MEDIUM
116,53,63,12,44.1,1.05,1.8,4,14.6,HIGH
54,12,42,24,23.6,0.35,3.6,2,5.0,MEDIUM
98,19,79,26,38.9,0.61,0.2,3,12.4,HIGH
190,50,140,3,17.3,9.33,2.7,2,45.0,HIGH
179,123,56,9,35.3,1.24,2.7,2,8.8,HIGH
109,32,77,10,6.1,1.54,3.5,5,13.6,HIGH
164,58,106,28,42.6,0.76,1.4,0,7.5,HIGH
175,79,96,4,7.3,4.8,1.8,3,25.1,HIGH
197,171,26,3,35.9,1.73,1.2,2,10.7,HIGH
16,3,13,8,7.9,0.32,5.0,4,7.9,HIGH
142,7,135,6,17.2,4.5,0.4,2,23.2,HIGH
54,5,49,22,26.9,0.45,9.9,1,8.4,HIGH
67,57,10,27,23.6,0.07,3.0,3,7.3,HIGH
40,25,15,6,14.1,0.5,6.5,0,2.8,MEDIUM
32,9,23,21,20.0,0.22,1.7,3,6.3,MEDIUM
179,37,142,14,36.6,2.03,1.2,5,16.9,HIGH
147,46,101,22,34.1,0.92,6.9,2,11.3,HIGH
169,25,144,21,9.0,1.37,0.3,5,9.9,HIGH
116,104,12,7,37.4,0.34,0.4,3,8.0,HIGH
190,143,47,21,8.2,0.45,1.1,3,7.2,HIGH
167,77,90,19,28.8,0.95,9.6,0,7.4,HIGH
48,39,9,26,16.9,0.07,3.0,3,8.4,HIGH
168,46,122,3,30.7,8.13,2.4,0,41.6,HIGH
91,63,28,26,17.0,0.22,3.7,3,4.7,MEDIUM
109,89,20,27,47.4,0.15,1.6,4,10.5,HIGH
11,4,7,7,19.0,0.2,4.3,2,5.1,MEDIUM
86,62,24,10,16.2,0.48,1.5,1,4.2,MEDIUM
21,6,15,26,17.7,0.12,5.3,0,3.4,MEDIUM
48,15,33,4,43.7,1.65,0.9,3,12.9,HIGH
22,3,19,2,32.7,1.9,1.0,1,11.5,HIGH
55,24,31,2,36.7,3.1,2.2,4,22.6,HIGH
164,115,49,20,44.6,0.49,1.7,3,10.5,HIGH
122,109,13,6,44.3,0.43,3.1,2,11.1,HIGH
26,15,11,14,37.0,0.16,1.4,4,9.5,HIGH
113,93,20,20,14.3,0.2,0.8,1,3.0,MEDIUM
107,84,23,13,41.4,0.35,1.9,6,15.8,HIGH
197,40,157,17,14.6,1.85,2.5,4,13.3,HIGH
97,47,50,26,37.2,0.38,0.5,1,5.7,MEDIUM
118,18,100,26,34.8,0.77,2.4,2,9.8,HIGH
172,114,58,20,37.9,0.58,1.2,3,12.1,HIGH
79,71,8,4,28.4,0.4,1.5,3,8.0,HIGH
167,28,139,13,32.8,2.14,1.0,2,12.9,HIGH
83,58,25,6,46.0,0.83,8.0,2,13.9,HIGH
72,44,28,3,10.2,1.87,3.4,1,8.0,HIGH
165,94,71,23,19.0,0.62,0.9,4,8.2,HIGH
69,27,42,8,31.7,1.05,3.1,3,9.4,HIGH
88,32,56,14,46.5,0.8,5.7,2,9.8,HIGH
46,4,42,26,10.0,0.32,1.5,0,0.0,LOW
31,7,24,16,6.9,0.3,5.3,1,5.4,MEDIUM
157,9,148,23,8.3,1.29,0.5,3,6.7,MEDIUM
105,60,45,4,8.2,2.25,5.2,2,13.2,HIGH
77,11,66,29,44.1,0.46,2.3,1,9.5,HIGH
26,21,5,22,36.3,0.05,0.8,1,5.3,MEDIUM
21,10,11,21,34.4,0.1,1.6,0,2.6,MEDIUM
159,108,51,6,27.9,1.7,13.3,1,13.0,HIGH
154,64,90,25,38.8,0.72,4.6,2,10.5,HIGH
147,81,66,9,12.5,1.47,2.6,0,4.8,MEDIUM
127,114,13,23,22.5,0.11,0.4,3,6.3,MEDIUM
31,3,28,2,26.6,2.8,1.6,1,14.8,HIGH
129,35,94,9,10.6,2.09,0.9,0,8.0,HIGH
59,44,15,25,23.6,0.12,0.2,5,8.9,HIGH
23,3,20,19,19.3,0.21,2.3,1,5.2,MEDIUM
184,21,163,21,7.5,1.55,6.6,3,11.5,HIGH
38,14,24,29,11.7,0.17,3.4,1,0.7,LOW
173,23,150,17,38.1,1.76,0.9,3,13.0,HIGH
189,108,81,19,6.8,0.85,2.6,0,2.8,MEDIUM
134,33,101,21,45.2,0.96,8.6,4,17.7,HIGH
16,13,3,13,9.6,0.05,3.9,3,5.8,MEDIUM
38,28,10,14,39.6,0.14,3.5,1,7.0,MEDIUM
148,100,48,14,43.7,0.69,10.3,1,9.7,HIGH
42,25,17,11,45.5,0.31,4.8,1,7.6,HIGH
143,118,25,8,42.4,0.62,0.4,0,6.5,MEDIUM
120,30,90,26,18.1,0.69,1.3,3,5.7,MEDIUM
88,73,15,15,20.0,0.2,10.1,3,11.0,HIGH
169,128,41,25,23.9,0.33,2.0,2,7.3,HIGH
188,135,53,17,11.9,0.62,0.4,4,9.5,HIGH
67,37,30,16,6.9,0.38,1.8,4,9.8,HIGH
35,9,26,13,42.5,0.4,3.6,1,8.8,HIGH
183,78,105,10,29.3,2.1,18.0,2,19.4,HIGH
38,29,9,9,31.6,0.2,1.2,2,7.2,HIGH
13,1,12,19,44.9,0.13,2.2,1,7.2,HIGH
108,81,27,24,33.9,0.22,6.4,3,10.1,HIGH
150,39,111,19,35.0,1.17,1.3,3,11.7,HIGH
48,8,40,14,39.1,0.57,0.3,2,8.6,HIGH
24,3,21,29,10.9,0.14,8.9,1,6.5,MEDIUM
128,9,119,28,21.1,0.85,2.0,1,4.8,MEDIUM
38,19,19,19,46.7,0.2,2.1,4,12.1,HIGH
166,40,126,16,44.8,1.58,2.9,5,17.5,HIGH
84,79,5,5,43.1,0.2,0.0,1,6.0,MEDIUM
125,70,55,18,25.0,0.61,8.0,2,12.5,HIGH
41,7,34,6,42.0,1.13,1.3,3,14.1,HIGH
139,93,46,23,8.0,0.4,1.5,2,4.7,MEDIUM
184,157,27,17,12.2,0.32,0.6,2,4.0,MEDIUM
93,67,26,10,23.4,0.52,1.4,1,5.0,MEDIUM
31,3,28,11,26.3,0.51,4.9,4,10.5,HIGH
36,30,6,25,17.1,0.05,4.8,3,6.5,MEDIUM
90,68,22,19,21.0,0.23,8.2,2,7.8,HIGH
135,25,110,18,12.8,1.22,1.5,2,6.1,MEDIUM
193,18,175,19,26.5,1.84,3.7,6,18.0,HIGH
101,55,46,8,39.3,1.15,2.1,1,9.0,HIGH
30,5,25,5,33.8,1.0,4.9,3,7.9,HIGH
56,44,12,27,10.5,0.09,3.7,2,2.6,MEDIUM
110,40,70,6,26.5,2.33,1.4,2,12.1,HIGH
196,170,26,29,35.3,0.18,1.2,2,7.3,HIGH
93,51,42,24,28.3,0.35,0.9,1,3.7,MEDIUM
15,3,12,17,22.5,0.14,2.6,5,13.1,HIGH
156,27,129,4,32.1,6.45,10.0,2,40.1,HIGH
194,110,84,27,46.7,0.62,0.7,4,15.0,HIGH
140,102,38,19,10.0,0.4,0.3,2,5.3,MEDIUM
10,7,3,24,22.4,0.02,0.4,3,4.1,MEDIUM
67,19,48,22,23.1,0.44,4.6,2,5.7,MEDIUM
133,31,102,15,30.2,1.36,1.3,1,6.7,MEDIUM
175,11,164,16,12.4,2.05,0.8,2,8.3,HIGH
24,15,9,18,13.4,0.1,1.3,2,5.2,MEDIUM
171,20,151,2,18.0,15.1,3.1,1,45.0,HIGH
198,84,114,26,46.1,0.88,2.4,7,18.9,HIGH
172,101,71,22,36.8,0.65,4.1,2,11.1,HIGH
73,65,8,18,33.8,0.09,1.2,3,10.5,HIGH
34,11,23,24,40.3,0.19,1.8,1,6.1,MEDIUM
33,9,24,26,11.4,0.18,0.3,3,3.7,MEDIUM
21,13,8,12,42.1,0.13,0.2,2,6.1,MEDIUM
27,16,11,18,31.0,0.12,1.9,2,7.9,HIGH
24,8,16,27,20.1,0.12,1.1,3,6.4,MEDIUM
36,31,5,15,40.3,0.07,2.8,2,7.0,MEDIUM
81,65,16,21,39.7,0.15,0.1,2,8.0,HIGH
69,17,52,20,41.5,0.52,0.4,5,11.9,HIGH
183,48,135,22,10.9,1.23,6.0,0,3.0,MEDIUM
154,78,76,8,46.7,1.9,2.5,2,11.9,HIGH
102,76,26,25,46.3,0.21,3.7,9,19.2,HIGH
62,5,57,14,21.0,0.81,5.5,0,6.2,MEDIUM
17,11,6,19,8.8,0.06,1.9,4,7.1,HIGH
88,55,33,24,13.0,0.28,4.3,3,7.1,HIGH
36,9,27,15,47.7,0.36,2.2,0,6.7,MEDIUM
183,121,62,2,29.6,6.2,0.8,1,30.8,HIGH
59,52,7,8,21.0,0.18,1.2,1,2.6,MEDIUM
140,12,128,9,18.1,2.84,2.0,4,17.5,HIGH
102,34,68,19,16.8,0.72,1.1,3,5.9,MEDIUM
181,80,101,10,33.9,2.02,1.2,4,15.1,HIGH
190,163,27,2,23.6,2.7,1.2,2,14.4,HIGH
33,30,3,23,46.5,0.03,0.4,5,12.5,HIGH
69,31,38,18,34.7,0.42,0.3,2,7.6,HIGH
131,94,37,20,39.3,0.37,0.1,0,3.8,MEDIUM
140,73,67,28,18.3,0.48,0.4,2,6.6,MEDIUM
157,83,74,7,9.3,2.11,1.3,2,9.1,HIGH
55,16,39,4,26.5,1.95,2.7,4,14.2,HIGH
24,5,19,25,19.2,0.15,0.6,4,7.9,HIGH
162,50,112,6,14.5,3.73,6.6,1,20.1,HIGH
26,14,12,3,46.0,0.8,5.0,5,14.9,HIGH
135,10,125,21,24.6,1.19,2.2,3,9.5,HIGH
93,80,13,26,13.3,0.1,3.9,0,2.7,MEDIUM
18,3,15,5,14.3,0.6,1.4,6,9.6,HIGH
175,43,132,11,17.8,2.4,0.1,2,11.5,HIGH
185,95,90,11,48.0,1.64,7.0,5,17.9,HIGH
197,135,62,25,17.3,0.5,0.4,2,3.7,MEDIUM
72,9,63,22,19.8,0.57,8.9,4,11.9,HIGH
126,42,84,12,33.7,1.4,2.5,6,16.1,HIGH
139,128,11,28,18.3,0.08,1.1,4,6.0,MEDIUM
97,27,70,17,15.1,0.82,2.1,1,5.8,MEDIUM
81,26,55,27,12.7,0.41,2.1,1,3.0,MEDIUM
148,118,30,18,19.1,0.33,0.1,0,1.9,LOW
73,6,67,17,10.4,0.79,1.3,2,7.3,HIGH
81,37,44,8,6.8,1.1,4.0,1,4.9,MEDIUM
30,11,19,17,39.8,0.22,2.1,3,10.5,HIGH
27,9,18,4,11.8,0.9,0.8,4,9.2,HIGH
73,22,51,27,38.6,0.38,1.2,3,7.9,HIGH
91,12,79,17,39.5,0.93,6.0,3,14.3,HIGH
119,39,80,9,28.6,1.78,2.2,3,12.5,HIGH
104,9,95,13,19.0,1.46,2.3,4,10.4,HIGH
175,131,44,4,12.1,2.2,9.8,4,15.4,HIGH
41,16,25,18,36.9,0.28,1.2,4,9.1,HIGH
20,8,12,22,31.3,0.11,2.0,3,8.0,HIGH
54,46,8,19,33.5,0.08,5.0,1,4.8,MEDIUM
42,26,16,12,6.4,0.27,4.3,2,6.3,MEDIUM
111,6,105,5,45.0,4.2,0.9,4,28.2,HIGH
178,159,19,17,8.8,0.22,0.5,3,3.6,MEDIUM
145,38,107,18,21.4,1.19,3.6,0,4.1,MEDIUM
20,2,18,10,22.9,0.36,0.9,3,5.7,MEDIUM
188,139,49,7,6.1,1.4,7.7,1,6.4,MEDIUM
97,48,49,25,26.9,0.39,0.4,6,9.6,HIGH
50,22,28,28,37.6,0.2,1.1,6,13.9,HIGH
154,42,112,21,40.6,1.07,0.2,1,6.6,MEDIUM
85,46,39,26,42.9,0.3,3.6,5,16.4,HIGH
130,38,92,3,26.5,6.13,6.7,2,36.3,HIGH
55,47,8,10,32.5,0.16,3.0,2,9.2,HIGH
169,41,128,29,9.3,0.88,8.3,2,9.4,HIGH
89,75,14,22,26.5,0.13,0.4,5,9.3,HIGH
63,34,29,7,12.5,0.83,0.3,0,2.4,MEDIUM
95,75,20,4,21.5,1.0,5.5,1,6.5,MEDIUM
101,69,32,21,19.8,0.3,5.8,1,5.6,MEDIUM
157,106,51,7,23.8,1.46,5.3,2,10.8,HIGH
170,58,112,8,30.0,2.8,4.8,2,18.1,HIGH
177,46,131,2,43.9,13.1,1.3,2,45.0,HIGH
169,40,129,24,22.6,1.08,0.7,3,8.6,HIGH
106,87,19,2,47.2,1.9,7.9,2,16.8,HIGH
11,8,3,6,37.9,0.1,1.1,4,11.7,HIGH
42,18,24,7,27.5,0.69,1.5,2,6.5,MEDIUM
167,28,139,14,33.0,1.99,3.6,2,12.8,HIGH
170,66,104,3,10.3,6.93,1.0,4,38.1,HIGH
86,52,34,16,41.5,0.42,5.1,2,10.2,HIGH
125,57,68,16,30.5,0.85,0.2,4,11.3,HIGH
163,122,41,14,47.4,0.59,4.7,0,8.3,HIGH
159,150,9,27,32.7,0.07,2.8,5,11.7,HIGH
112,24,88,26,41.0,0.68,2.6,2,10.8,HIGH
175,81,94,15,39.6,1.25,1.8,2,9.3,HIGH
112,49,63,27,20.5,0.47,1.0,1,1.9,LOW
99,32,67,23,16.9,0.58,1.9,3,7.4,HIGH
183,41,142,8,24.1,3.55,1.8,1,17.6,HIGH
131,14,117,15,25.6,1.56,2.6,3,10.8,HIGH
152,128,24,27,16.1,0.18,1.0,3,4.0,MEDIUM
115,49,66,25,43.6,0.53,0.2,2,8.8,HIGH
128,63,65,28,28.8,0.46,0.5,4,11.7,HIGH
181,158,23,11,47.1,0.42,3.6,2,8.6,HIGH
58,43,15,18,40.0,0.17,0.1,4,10.2,HIGH
113,18,95,15,29.3,1.27,5.8,1,8.9,HIGH
70,39,31,9,45.8,0.69,3.6,3,11.7,HIGH
132,59,73,5,27.2,2.92,4.4,3,19.3,HIGH
143,109,34,27,43.3,0.25,5.4,2,9.5,HIGH
18,12,6,17,21.0,0.07,0.4,3,6.1,MEDIUM
15,10,5,25,21.9,0.04,5.2,1,4.3,MEDIUM
82,29,53,14,23.6,0.76,2.1,2,6.2,MEDIUM
112,86,26,23,29.0,0.23,6.5,2,8.2,HIGH
169,16,153,28,29.2,1.09,6.5,3,12.4,HIGH
50,9,41,26,26.8,0.32,0.1,1,2.1,MEDIUM
123,43,80,28,18.9,0.57,1.4,3,7.9,HIGH
17,2,15,21,44.9,0.14,2.2,6,14.3,HIGH
81,21,60,19,30.7,0.63,3.4,1,7.3,HIGH
187,149,38,15,23.1,0.51,1.0,2,5.0,MEDIUM
101,91,10,19,33.3,0.11,0.9,2,7.3,HIGH
71,23,48,6,38.3,1.6,1.4,2,10.9,HIGH
93,26,67,27,46.4,0.5,2.1,3,10.2,HIGH
71,21,50,10,27.0,1.0,9.1,0,7.0,MEDIUM
120,35,85,29,10.7,0.59,4.3,1,6.1,MEDIUM
136,11,125,4,24.5,6.25,1.7,0,30.3,HIGH
16,14,2,9,26.1,0.04,0.2,6,10.7,HIGH
93,22,71,21,43.7,0.68,0.6,3,12.1,HIGH
141,60,81,23,22.6,0.7,1.8,3,9.1,HIGH
143,8,135,11,46.0,2.45,5.0,3,18.7,HIGH
67,55,12,23,26.4,0.1,1.4,3,6.9,MEDIUM
31,21,10,20,46.9,0.1,2.3,1,5.3,MEDIUM
163,147,16,22,6.3,0.15,6.7,4,10.5,HIGH
136,102,34,29,43.8,0.23,7.4,3,12.5,HIGH
12,3,9,4,45.1,0.45,0.7,3,11.3,HIGH
136,37,99,12,46.4,1.65,0.1,5,14.4,HIGH
50,33,17,12,6.5,0.28,1.1,4,7.1,HIGH
197,74,123,18,13.2,1.37,3.6,4,11.1,HIGH
115,64,51,17,33.5,0.6,9.1,3,9.9,HIGH
23,1,22,8,7.1,0.55,0.2,6,11.7,HIGH
21,2,19,5,8.7,0.76,0.1,3,6.2,MEDIUM
96,51,45,24,15.3,0.38,6.5,1,2.9,MEDIUM
21,11,10,20,27.5,0.1,4.1,1,4.6,MEDIUM
150,108,42,13,28.9,0.65,14.6,5,17.8,HIGH
34,5,29,16,7.4,0.36,1.5,1,1.9,LOW
54,27,27,12,13.2,0.45,1.6,1,3.2,MEDIUM
131,29,102,6,27.0,3.4,0.6,4,21.1,HIGH
156,20,136,6,30.9,4.53,0.4,5,27.3,HIGH
64,26,38,16,12.2,0.48,2.6,1,4.5,MEDIUM
109,21,88,19,22.8,0.93,1.4,2,7.8,HIGH
182,45,137,12,44.0,2.28,0.3,0,13.2,HIGH
145,48,97,27,48.0,0.72,6.5,2,12.2,HIGH
128,36,92,13,47.5,1.42,0.7,2,12.0,HIGH
62,7,55,3,43.0,3.67,4.1,2,21.7,HIGH
192,25,167,21,22.6,1.59,1.0,0,5.5,MEDIUM
41,9,32,16,34.8,0.4,5.0,5,13.3,HIGH
60,5,55,21,23.5,0.52,0.4,0,2.4,MEDIUM
53,32,21,5,33.2,0.84,4.2,3,9.6,HIGH
91,28,63,23,19.0,0.55,0.3,0,3.1,MEDIUM
155,46,109,19,31.5,1.15,1.8,1,5.2,MEDIUM
159,55,104,7,28.0,2.97,4.0,1,16.4,HIGH
46,29,17,24,7.0,0.14,0.6,1,1.1,LOW
105,87,18,28,39.2,0.13,1.0,1,8.3,HIGH
65,47,18,27,6.5,0.13,6.0,0,3.5,MEDIUM
114,80,34,20,18.3,0.34,6.5,1,5.3,MEDIUM
68,33,35,12,6.2,0.58,0.1,2,3.3,MEDIUM
140,94,46,29,21.8,0.32,0.6,3,7.7,HIGH
165,90,75,25,8.7,0.6,0.4,5,5.6,MEDIUM
44,10,34,3,44.4,2.27,0.6,4,18.8,HIGH
198,47,151,28,23.5,1.08,10.5,4,14.8,HIGH
102,32,70,9,25.3,1.56,2.4,4,13.0,HIGH
191,166,25,12,20.7,0.42,1.9,1,5.0,MEDIUM
106,57,49,6,32.4,1.63,12.5,0,10.8,HIGH
144,102,42,19,38.9,0.44,2.4,1,7.7,HIGH
85,30,55,24,33.2,0.46,3.2,1,5.7,MEDIUM
58,24,34,19,37.4,0.36,1.2,2,6.7,MEDIUM
103,16,87,15,44.1,1.16,1.4,2,9.3,HIGH
168,34,134,23,42.3,1.17,2.7,4,13.7,HIGH
195,154,41,11,34.3,0.75,0.2,3,10.6,HIGH
198,114,84,4,15.0,4.2,0.9,2,23.2,HIGH
33,11,22,10,32.8,0.44,0.7,3,8.3,HIGH
157,121,36,4,27.3,1.8,0.0,3,10.7,HIGH
46,12,34,12,36.1,0.57,2.3,1,8.4,HIGH
13,12,1,13,41.0,0.02,2.5,3,10.1,HIGH
117,42,75,13,37.2,1.15,1.5,3,11.2,HIGH
135,47,88,4,41.6,4.4,0.9,1,23.1,HIGH
29,9,20,22,8.7,0.18,3.2,3,8.2,HIGH
197,31,166,8,7.3,4.15,0.4,2,20.8,HIGH
161,24,137,15,16.9,1.83,2.2,5,14.1,HIGH
59,37,22,25,43.8,0.18,4.4,2,10.2,HIGH
186,155,31,29,40.6,0.21,0.5,4,10.8,HIGH
188,143,45,12,34.7,0.75,4.2,4,14.3,HIGH
105,18,87,8,35.4,2.17,4.3,4,19.2,HIGH
114,61,53,26,36.5,0.41,0.2,3,8.2,HIGH
173,25,148,22,45.6,1.35,0.1,0,7.6,HIGH
126,11,115,11,41.0,2.09,10.9,3,18.7,HIGH
107,68,39,12,32.2,0.65,0.6,4,12.8,HIGH
75,39,36,16,34.0,0.45,5.2,2,8.1,HIGH
88,10,78,20,15.0,0.78,2.5,1,4.2,MEDIUM
171,13,158,17,33.6,1.86,0.9,2,11.9,HIGH
173,162,11,23,23.8,0.1,0.4,1,3.8,MEDIUM
15,1,14,22,12.4,0.13,2.1,0,1.9,LOW
48,21,27,29,39.9,0.19,1.6,1,7.2,HIGH
179,90,89,21,27.4,0.85,3.6,1,7.5,HIGH
124,19,105,13,47.1,1.62,7.0,4,17.3,HIGH
195,39,156,19,17.8,1.64,4.9,5,13.7,HIGH
134,49,85,24,26.2,0.71,1.0,4,10.0,HIGH
21,15,6,14,24.8,0.09,6.3,2,6.6,MEDIUM
140,70,70,6,11.1,2.33,5.4,3,13.9,HIGH
27,16,11,5,23.9,0.44,7.9,1,6.4,MEDIUM
49,45,4,29,18.1,0.03,1.8,5,11.6,HIGH
30,22,8,15,12.7,0.11,4.4,4,10.3,HIGH
152,67,85,9,17.9,1.89,2.7,4,12.9,HIGH
108,48,60,10,15.8,1.2,1.1,4,7.1,HIGH
35,21,14,26,36.8,0.11,15.6,3,13.7,HIGH
17,11,6,20,7.3,0.06,0.1,1,2.8,MEDIUM
109,54,55,4,31.9,2.75,0.5,2,13.8,HIGH
96,60,36,6,37.9,1.2,6.7,2,12.6,HIGH
51,3,48,22,26.2,0.44,0.2,1,4.8,MEDIUM
181,79,102,27,45.1,0.76,6.5,0,8.7,HIGH
23,6,17,19,35.7,0.18,3.8,2,8.0,HIGH
87,14,73,2,37.4,7.3,0.1,1,37.6,HIGH
11,1,10,9,14.3,0.22,1.7,1,3.6,MEDIUM
128,75,53,20,38.6,0.53,4.2,3,11.4,HIGH
46,23,23,18,40.9,0.26,2.6,3,9.6,HIGH
78,21,57,18,21.2,0.63,8.2,2,7.7,HIGH
175,82,93,12,15.0,1.55,6.1,2,7.8,HIGH
50,24,26,3,22.2,1.73,1.2,2,9.6,HIGH
71,16,55,7,37.1,1.57,0.3,2,10.0,HIGH
69,43,26,23,23.5,0.23,8.7,4,11.3,HIGH
134,100,34,15,36.9,0.45,2.2,4,9.6,HIGH
120,91,29,4,10.8,1.45,0.2,3,6.8,MEDIUM
23,13,10,13,39.9,0.15,5.1,2,7.7,HIGH
93,47,46,5,16.6,1.84,6.1,4,15.0,HIGH
139,14,125,13,16.5,1.92,3.1,1,8.7,HIGH
79,24,55,14,30.8,0.79,1.8,4,10.8,HIGH
154,20,134,3,8.9,8.93,3.3,1,45.0,HIGH
132,121,11,3,7.1,0.73,3.7,0,4.3,MEDIUM
98,16,82,16,17.0,1.02,6.7,3,11.3,HIGH
37,6,31,24,28.6,0.26,9.4,3,10.7,HIGH
75,63,12,18,44.1,0.13,2.2,1,5.3,MEDIUM
172,154,18,8,41.6,0.45,4.8,2,12.0,HIGH
14,10,4,29,26.6,0.03,10.0,2,9.5,HIGH
177,9,168,15,7.6,2.24,0.5,2,11.3,HIGH
193,9,184,13,28.5,2.83,0.1,0,13.1,HIGH
173,67,106,18,35.6,1.18,6.1,4,17.7,HIGH
54,9,45,15,20.2,0.6,0.7,3,6.9,MEDIUM
160,10,150,7,10.7,4.29,0.1,5,27.8,HIGH
56,26,30,20,17.7,0.3,0.5,2,3.3,MEDIUM
40,35,5,25,38.4,0.04,1.5,4,11.4,HIGH
148,50,98,7,20.8,2.8,0.7,2,16.5,HIGH
19,12,7,28,40.1,0.05,1.1,4,10.5,HIGH
127,80,47,19,19.4,0.49,11.1,1,5.4,MEDIUM
23,6,17,25,12.9,0.14,3.7,1,4.1,MEDIUM
89,56,33,6,24.3,1.1,3.7,3,9.7,HIGH
102,24,78,25,25.0,0.62,0.3,6,13.5,HIGH
19,3,16,25,6.7,0.13,4.0,1,2.9,MEDIUM
85,57,28,7,10.9,0.8,4.0,4,12.7,HIGH
103,15,88,3,13.8,5.87,3.2,1,29.3,HIGH
114,107,7,9,10.8,0.16,0.8,4,8.0,HIGH
10,2,8,16,20.3,0.1,1.6,1,1.9,LOW
142,83,59,16,46.5,0.74,5.6,3,11.9,HIGH
29,12,17,12,27.4,0.28,3.3,2,5.3,MEDIUM
17,2,15,23,32.4,0.13,4.0,1,4.4,MEDIUM
180,13,167,23,21.0,1.45,2.7,4,12.3,HIGH
10,6,4,25,19.6,0.03,1.8,3,5.4,MEDIUM
66,51,15,2,7.0,1.5,4.3,4,10.0,HIGH
73,58,15,19,27.0,0.16,0.2,1,2.9,MEDIUM
127,61,66,13,26.3,1.02,3.4,1,7.6,HIGH
37,27,10,13,12.6,0.15,17.6,2,11.4,HIGH
130,85,45,26,38.1,0.35,4.5,1,8.7,HIGH
116,81,35,12,26.7,0.58,1.0,1,4.6,MEDIUM
174,85,89,29,20.2,0.61,1.0,1,6.4,MEDIUM
184,114,70,9,12.2,1.56,3.3,2,9.5,HIGH
174,134,40,29,29.2,0.28,6.8,0,3.9,MEDIUM
58,23,35,8,37.6,0.88,2.6,4,13.6,HIGH
129,100,29,24,17.8,0.24,2.2,4,8.1,HIGH
53,30,23,22,15.2,0.21,0.5,4,6.9,MEDIUM
65,12,53,3,27.9,3.53,3.8,4,23.8,HIGH
165,11,154,12,12.5,2.57,3.6,1,11.2,HIGH
120,45,75,23,34.0,0.65,10.2,2,12.7,HIGH
143,77,66,11,31.4,1.2,1.1,2,8.0,HIGH
117,94,23,4,9.7,1.15,4.2,2,6.8,MEDIUM
198,32,166,21,7.5,1.58,1.7,5,13.4,HIGH
157,120,37,11,32.1,0.67,2.5,1,9.1,HIGH
123,101,22,29,18.4,0.15,5.1,0,2.1,MEDIUM
87,16,71,28,9.6,0.51,0.8,3,4.8,MEDIUM
139,113,26,19,37.9,0.27,1.3,2,9.0,HIGH
46,43,3,15,19.2,0.04,4.5,3,7.4,HIGH
29,20,9,19,25.3,0.09,2.5,3,8.0,HIGH
35,26,9,29,15.9,0.06,0.3,1,1.9,LOW
38,35,3,25,32.3,0.02,1.7,4,10.3,HIGH
10,5,5,9,18.7,0.11,2.7,4,8.6,HIGH
128,41,87,11,46.7,1.58,7.2,3,15.4,HIGH
44,35,9,23,35.5,0.08,0.6,0,4.2,MEDIUM
68,41,27,14,11.7,0.39,4.9,2,6.6,MEDIUM
78,44,34,22,23.5,0.31,0.4,0,1.5,LOW
170,47,123,9,22.2,2.73,0.8,4,17.3,HIGH
188,137,51,5,28.4,2.04,0.8,5,15.5,HIGH
21,2,19,28,41.4,0.14,6.3,2,10.4,HIGH
29,25,4,5,30.5,0.16,0.7,3,8.2,HIGH
190,65,125,6,8.6,4.17,4.6,1,20.8,HIGH
52,8,44,2,33.5,4.4,1.9,5,28.6,HIGH
135,60,75,18,6.3,0.83,21.0,1,9.4,HIGH
59,5,54,3,38.8,3.6,5.5,1,21.3,HIGH
38,25,13,9,34.0,0.29,4.0,3,10.0,HIGH
194,167,27,8,19.0,0.68,6.1,2,8.4,HIGH
48,38,10,16,18.3,0.12,3.0,2,6.4,MEDIUM
193,31,162,27,39.5,1.2,5.6,0,8.0,HIGH
180,29,151,26,38.9,1.16,0.9,2,7.7,HIGH
187,146,41,6,20.8,1.37,0.3,3,8.1,HIGH
160,141,19,3,18.6,1.27,2.9,7,18.2,HIGH
181,84,97,8,29.5,2.42,1.7,6,22.5,HIGH
47,23,24,9,6.4,0.53,1.7,1,4.0,MEDIUM
93,31,62,29,9.5,0.43,2.2,4,7.7,HIGH
160,136,24,8,11.3,0.6,1.3,3,6.6,MEDIUM
137,86,51,8,13.8,1.27,3.0,2,9.3,HIGH
135,41,94,29,27.5,0.65,0.1,1,5.1,MEDIUM
54,17,37,15,47.7,0.49,10.5,5,17.6,HIGH
61,51,10,22,33.4,0.09,7.8,2,10.7,HIGH
89,5,84,19,8.6,0.88,8.2,2,6.1,MEDIUM
187,63,124,7,28.1,3.54,1.4,2,18.5,HIGH
133,73,60,5,26.9,2.4,2.3,1,11.3,HIGH
128,23,105,11,12.1,1.91,9.2,1,12.0,HIGH
17,2,15,19,44.7,0.16,7.0,2,10.0,HIGH
94,73,21,13,24.5,0.32,4.7,6,11.4,HIGH
138,117,21,17,47.8,0.25,1.6,4,11.5,HIGH
17,13,4,26,23.6,0.03,2.5,3,6.5,MEDIUM
166,142,24,8,31.5,0.6,4.7,0,5.5,MEDIUM
105,57,48,7,10.4,1.37,1.0,5,11.6,HIGH
111,86,25,29,25.1,0.17,3.0,4,10.5,HIGH
14,5,9,6,16.0,0.3,5.3,4,8.8,HIGH
95,61,34,4,41.1,1.7,3.7,9,23.4,HIGH
184,172,12,13,38.9,0.18,2.0,1,6.3,MEDIUM
43,10,33,16,40.6,0.41,2.6,2,9.2,HIGH
64,25,39,11,36.4,0.71,13.4,3,14.1,HIGH
128,61,67,27,41.0,0.5,2.8,2,7.1,HIGH
180,31,149,21,14.4,1.42,4.6,6,14.0,HIGH
167,20,147,20,25.0,1.47,3.9,3,12.0,HIGH
123,98,25,17,35.1,0.29,3.6,2,8.1,HIGH
154,143,11,29,32.8,0.08,3.8,4,12.1,HIGH
35,14,21,12,36.1,0.35,1.8,2,8.3,HIGH
145,18,127,9,15.4,2.82,1.9,3,15.2,HIGH
56,6,50,4,10.1,2.5,1.9,4,17.5,HIGH
122,103,19,24,44.5,0.16,0.1,1,5.2,MEDIUM
85,39,46,8,29.5,1.15,0.8,3,7.7,HIGH
81,27,54,24,12.5,0.45,0.5,2,4.8,MEDIUM
98,46,52,8,39.3,1.3,6.5,5,16.1,HIGH
55,18,37,15,44.4,0.49,1.0,5,13.7,HIGH
42,20,22,3,13.1,1.47,0.4,3,7.0,MEDIUM
10,8,2,11,40.3,0.04,0.4,2,7.1,HIGH
156,90,66,20,45.2,0.66,3.6,2,11.1,HIGH
40,27,13,27,45.4,0.1,0.0,2,8.6,HIGH
151,57,94,10,44.4,1.88,1.9,0,9.0,HIGH
62,44,18,17,28.9,0.21,0.4,1,2.6,MEDIUM
57,37,20,20,21.0,0.2,5.7,3,8.8,HIGH
78,12,66,19,6.3,0.69,9.5,2,8.1,HIGH
114,64,50,10,8.6,1.0,9.6,3,10.2,HIGH
99,27,72,17,24.0,0.85,1.7,5,11.6,HIGH
199,153,46,14,22.8,0.66,3.1,1,5.1,MEDIUM
72,31,41,11,13.8,0.75,2.7,2,6.4,MEDIUM
82,77,5,26,22.6,0.04,1.3,2,5.4,MEDIUM
170,22,148,21,13.3,1.41,1.8,0,5.1,MEDIUM
178,133,45,15,41.6,0.6,0.2,2,8.2,HIGH
98,64,34,13,18.5,0.52,4.8,5,12.7,HIGH
185,137,48,26,31.1,0.37,0.8,5,12.1,HIGH
22,7,15,20,27.1,0.15,1.9,4,10.2,HIGH
82,40,42,8,8.2,1.05,2.0,3,6.6,MEDIUM
86,65,21,24,45.6,0.18,2.5,1,7.3,HIGH
168,43,125,16,28.1,1.56,5.1,2,13.0,HIGH
77,19,58,17,19.7,0.68,3.5,2,5.0,MEDIUM
107,58,49,28,12.6,0.35,3.3,5,12.3,HIGH
134,69,65,9,20.2,1.44,2.2,2,10.1,HIGH
111,33,78,11,6.9,1.42,0.3,3,9.0,HIGH
141,44,97,5,21.3,3.88,1.5,3,20.4,HIGH
111,33,78,20,28.3,0.78,9.5,1,8.7,HIGH
28,20,8,20,42.6,0.08,16.2,7,22.8,HIGH
91,57,34,29,34.9,0.23,3.9,4,9.7,HIGH
150,119,31,22,10.7,0.28,0.8,1,3.4,MEDIUM
32,29,3,28,12.2,0.02,0.3,3,5.1,MEDIUM
92,43,49,16,24.0,0.61,1.6,4,8.9,HIGH
118,12,106,15,14.2,1.41,5.8,2,7.4,HIGH
84,7,77,2,7.2,7.7,3.8,2,42.4,HIGH
138,43,95,17,39.8,1.12,6.5,4,16.0,HIGH
97,86,11,11,6.8,0.2,2.9,3,6.2,MEDIUM
63,32,31,20,40.9,0.31,0.4,3,9.4,HIGH
98,28,70,23,12.1,0.61,0.4,1,2.8,MEDIUM
152,62,90,4,46.9,4.5,0.1,2,24.8,HIGH
74,43,31,6,31.4,1.03,2.5,0,7.2,HIGH
85,54,31,10,36.9,0.62,0.8,2,8.3,HIGH
152,28,124,19,10.6,1.31,4.0,2,8.9,HIGH
158,146,12,12,42.2,0.2,3.5,2,8.4,HIGH
156,84,72,17,41.2,0.85,1.1,1,7.8,HIGH
69,11,58,3,33.4,3.87,0.6,3,23.8,HIGH
102,87,15,13,27.1,0.23,0.3,3,8.3,HIGH
170,19,151,23,36.3,1.31,4.0,1,11.4,HIGH
58,50,8,7,6.2,0.23,1.8,2,4.0,MEDIUM
44,41,3,12,30.9,0.05,1.2,3,7.2,HIGH
181,123,58,28,41.6,0.41,5.8,0,6.8,MEDIUM
111,82,29,9,21.0,0.64,2.7,3,7.4,HIGH
20,7,13,13,10.5,0.2,2.2,1,6.1,MEDIUM
108,96,12,28,23.7,0.09,4.1,1,2.6,MEDIUM
119,62,57,3,36.5,3.8,5.1,4,30.2,HIGH
83,58,25,10,10.5,0.5,3.5,1,4.9,MEDIUM
183,161,22,16,14.7,0.28,1.7,3,6.0,MEDIUM
18,16,2,3,12.2,0.13,1.4,3,4.7,MEDIUM
12,9,3,2,39.5,0.3,4.4,3,10.7,HIGH
94,30,64,11,8.6,1.16,2.2,1,4.4,MEDIUM
35,32,3,3,34.8,0.2,3.7,2,9.6,HIGH
81,49,32,13,21.4,0.49,6.6,3,10.1,HIGH
57,50,7,24,37.7,0.06,7.4,2,11.6,HIGH
165,108,57,9,46.5,1.27,1.0,3,12.3,HIGH
126,41,85,6,10.8,2.83,0.6,3,15.6,HIGH
163,62,101,23,19.2,0.88,0.9,5,10.7,HIGH
162,88,74,29,40.0,0.51,4.2,3,10.8,HIGH
21,15,6,2,17.2,0.6,1.4,2,4.1,MEDIUM
142,47,95,16,15.0,1.19,0.6,3,8.6,HIGH
57,32,25,7,40.7,0.71,0.3,3,10.6,HIGH
46,16,30,13,47.5,0.46,1.2,3,11.0,HIGH
53,41,12,9,29.4,0.27,0.4,1,5.0,MEDIUM
24,11,13,14,17.7,0.19,0.5,4,6.8,MEDIUM
52,6,46,20,22.7,0.46,3.5,3,8.3,HIGH
185,36,149,28,13.1,1.06,0.1,5,11.5,HIGH
96,10,86,2,38.0,8.6,0.4,2,45.0,HIGH
79,39,40,12,38.5,0.67,5.6,5,16.9,HIGH
55,8,47,21,42.8,0.45,5.6,3,10.7,HIGH
117,17,100,2,7.1,10.0,1.2,2,45.0,HIGH
132,118,14,9,29.6,0.31,0.3,2,4.7,MEDIUM
180,150,30,6,15.0,1.0,3.7,2,6.2,MEDIUM
30,13,17,18,20.3,0.19,1.3,3,6.0,MEDIUM
160,149,11,9,39.0,0.24,0.1,2,7.8,HIGH
116,5,111,26,14.1,0.85,0.5,5,11.5,HIGH
89,53,36,11,32.8,0.65,0.4,0,3.7,MEDIUM
56,33,23,3,33.5,1.53,2.7,1,9.5,HIGH
126,58,68,10,46.1,1.36,6.9,3,16.7,HIGH
133,54,79,25,38.6,0.63,4.7,0,6.1,MEDIUM
152,69,83,24,39.8,0.69,2.4,2,8.9,HIGH
34,14,20,4,28.3,1.0,1.6,4,11.2,HIGH
45,31,14,19,13.8,0.15,2.9,4,5.9,MEDIUM
60,10,50,8,23.9,1.25,1.8,3,10.1,HIGH
24,5,19,16,29.1,0.24,0.8,2,4.6,MEDIUM
77,16,61,22,34.5,0.55,3.4,2,9.5,HIGH
30,8,22,23,31.5,0.19,6.2,1,6.3,MEDIUM
150,78,72,21,22.5,0.69,1.4,3,7.3,HIGH
28,4,24,19,17.1,0.25,5.5,3,6.6,MEDIUM
43,35,8,26,13.1,0.06,1.7,0,1.5,LOW
87,27,60,4,35.1,3.0,1.5,2,18.6,HIGH
134,26,108,29,33.1,0.74,0.1,0,3.7,MEDIUM
126,82,44,24,34.9,0.37,3.6,5,15.3,HIGH
61,5,56,15,21.6,0.75,4.9,1,6.1,MEDIUM
36,21,15,25,17.0,0.12,3.3,4,8.1,HIGH
166,112,54,3,37.9,3.6,0.5,2,21.2,HIGH
165,40,125,15,38.5,1.67,0.3,3,11.7,HIGH
44,3,41,23,25.1,0.36,2.6,1,3.6,MEDIUM
145,54,91,12,31.7,1.52,1.5,0,6.0,MEDIUM
153,21,132,17,21.7,1.55,1.7,4,12.3,HIGH
115,17,98,9,35.5,2.18,10.3,4,18.2,HIGH
173,48,125,8,41.1,3.12,3.9,4,21.8,HIGH
167,52,115,12,34.9,1.92,1.6,1,9.9,HIGH
155,81,74,4,27.5,3.7,0.1,2,17.7,HIGH
11,7,4,18,25.3,0.04,0.1,3,4.6,MEDIUM
186,108,78,15,33.0,1.04,3.5,3,12.1,HIGH
86,15,71,7,34.6,2.03,5.5,3,15.4,HIGH
141,28,113,9,29.5,2.51,3.7,2,14.4,HIGH
99,83,16,23,32.2,0.14,1.6,2,6.8,MEDIUM
98,54,44,6,10.1,1.47,0.1,5,11.5,HIGH
103,85,18,28,46.0,0.13,10.3,2,13.5,HIGH
16,6,10,29,39.2,0.07,12.9,2,9.9,HIGH
104,62,42,9,21.7,0.93,2.4,1,4.4,MEDIUM
117,60,57,3,29.6,3.8,0.2,2,20.1,HIGH
83,27,56,16,8.0,0.7,2.3,4,9.4,HIGH
48,22,26,13,7.7,0.4,6.7,3,11.9,HIGH
150,75,75,18,16.5,0.83,3.4,1,5.6,MEDIUM
168,38,130,2,35.0,13.0,3.8,3,45.0,HIGH
80,26,54,16,41.8,0.68,0.3,2,7.3,HIGH
65,49,16,15,29.5,0.21,0.3,1,2.6,MEDIUM
179,156,23,21,28.3,0.22,0.4,0,3.6,MEDIUM
198,74,124,23,22.9,1.08,7.0,3,10.1,HIGH
51,16,35,17,12.8,0.41,2.2,4,7.8,HIGH
193,43,150,10,11.0,3.0,4.7,4,21.5,HIGH
45,29,16,2,37.9,1.6,0.4,1,6.9,MEDIUM
93,31,62,29,45.0,0.43,7.9,3,13.6,HIGH
127,119,8,18,25.2,0.09,5.2,2,5.8,MEDIUM
16,5,11,14,33.7,0.16,0.8,3,10.1,HIGH
63,25,38,22,44.4,0.35,6.2,1,8.0,HIGH
138,81,57,27,9.8,0.42,0.9,2,5.3,MEDIUM
181,139,42,22,38.4,0.38,0.7,2,5.5,MEDIUM
129,60,69,6,31.9,2.3,0.9,6,21.8,HIGH
182,78,104,11,31.1,1.89,7.2,6,21.3,HIGH
115,108,7,7,18.3,0.2,7.4,3,7.9,HIGH
56,3,53,25,34.7,0.42,1.2,2,7.9,HIGH
132,112,20,20,39.4,0.2,3.7,1,8.2,HIGH
150,27,123,26,10.7,0.95,3.4,3,8.5,HIGH
128,96,32,14,28.4,0.46,4.9,2,7.6,HIGH
159,96,63,2,10.3,6.3,1.1,3,33.7,HIGH
127,45,82,21,42.6,0.78,2.1,2,9.9,HIGH
30,25,5,26,27.3,0.04,3.3,4,9.6,HIGH
146,8,138,16,39.9,1.72,0.1,3,13.5,HIGH
35,8,27,15,21.5,0.36,1.4,2,4.2,MEDIUM
18,10,8,9,11.3,0.18,3.6,2,4.3,MEDIUM
24,8,16,11,7.7,0.29,0.9,3,5.3,MEDIUM
19,11,8,10,17.8,0.16,9.5,1,6.6,MEDIUM
131,9,122,18,16.3,1.36,0.1,7,12.5,HIGH
130,20,110,10,29.5,2.2,9.5,2,16.3,HIGH
134,22,112,4,6.9,5.6,0.7,3,30.9,HIGH
179,39,140,12,27.9,2.33,0.2,2,12.9,HIGH
81,37,44,13,22.5,0.68,1.0,2,6.2,MEDIUM
161,117,44,11,30.2,0.8,4.6,2,8.6,HIGH
58,50,8,26,35.5,0.06,4.2,3,9.6,HIGH
163,130,33,18,32.6,0.37,0.7,3,7.9,HIGH
100,22,78,18,47.4,0.87,0.7,2,9.9,HIGH
46,20,26,26,11.8,0.2,3.1,1,2.8,MEDIUM
77,17,60,12,24.0,1.0,1.8,1,5.6,MEDIUM
59,16,43,23,23.8,0.37,4.7,3,8.3,HIGH
161,81,80,5,23.5,3.2,0.1,2,15.3,HIGH
28,3,25,8,33.9,0.62,2.8,2,6.6,MEDIUM
109,26,83,22,26.6,0.75,3.9,2,8.1,HIGH
69,61,8,27,27.7,0.06,15.1,2,11.9,HIGH
176,82,94,15,24.2,1.25,3.4,1,8.9,HIGH
98,44,54,8,47.7,1.35,0.8,4,15.8,HIGH
155,9,146,25,45.0,1.17,0.3,2,11.4,HIGH
156,42,114,9,18.9,2.53,3.1,3,15.5,HIGH
173,143,30,2,10.7,3.0,2.2,1,13.9,HIGH
192,38,154,25,41.3,1.23,6.9,0,8.4,HIGH
78,33,45,23,47.9,0.39,3.9,3,10.9,HIGH
184,11,173,5,18.3,6.92,2.1,1,34.8,HIGH
58,27,31,13,21.0,0.48,1.6,2,4.7,MEDIUM
117,8,109,25,45.5,0.87,1.6,1,8.5,HIGH
170,133,37,4,35.9,1.85,0.8,4,11.9,HIGH
128,101,27,14,18.4,0.39,0.1,2,5.0,MEDIUM
158,119,39,21,30.4,0.37,2.6,2,6.0,MEDIUM
159,48,111,7,45.7,3.17,0.7,3,20.0,HIGH
185,148,37,12,40.1,0.62,0.7,2,9.3,HIGH
46,24,22,24,37.2,0.18,0.4,5,12.9,HIGH
152,58,94,5,37.0,3.76,0.6,3,23.3,HIGH
172,105,67,21,13.5,0.64,0.1,2,3.8,MEDIUM
169,10,159,17,40.6,1.87,3.4,5,19.2,HIGH
20,3,17,8,17.6,0.42,1.5,4,7.3,HIGH
147,105,42,23,45.1,0.37,2.5,3,10.8,HIGH
87,23,64,12,21.3,1.07,3.0,2,9.2,HIGH
86,50,36,25,42.0,0.29,10.8,1,10.9,HIGH
194,76,118,2,17.2,11.8,0.2,3,45.0,HIGH
162,132,30,27,27.6,0.22,1.6,2,5.8,MEDIUM
11,9,2,28,10.5,0.01,0.8,2,3.6,MEDIUM
73,61,12,8,33.7,0.3,1.9,2,7.6,HIGH
44,12,32,13,41.1,0.49,7.6,2,9.8,HIGH
16,3,13,8,36.2,0.32,3.9,0,6.8,MEDIUM
94,44,50,28,28.0,0.36,3.3,0,3.4,MEDIUM
155,8,147,24,7.9,1.23,1.7,1,4.8,MEDIUM
76,5,71,8,45.2,1.78,3.3,1,13.1,HIGH
51,27,24,11,35.6,0.44,0.1,5,11.8,HIGH
127,65,62,17,37.3,0.73,2.6,1,8.5,HIGH
134,126,8,27,39.4,0.06,2.4,5,12.5,HIGH
176,40,136,9,37.4,3.02,1.3,2,18.4,HIGH
178,50,128,10,24.5,2.56,0.7,0,10.8,HIGH
33,5,28,10,36.8,0.56,4.9,3,11.6,HIGH
197,172,25,3,32.3,1.67,0.2,2,10.6,HIGH
55,41,14,14,41.9,0.2,0.2,2,8.9,HIGH
28,22,6,14,39.7,0.09,1.7,2,8.8,HIGH
77,66,11,24,7.7,0.09,0.9,5,7.6,HIGH
111,57,54,24,21.9,0.45,4.1,4,11.7,HIGH
51,23,28,5,7.5,1.12,3.0,6,11.3,HIGH
41,14,27,26,10.3,0.21,4.4,6,11.1,HIGH
176,102,74,25,31.3,0.59,1.2,1,5.5,MEDIUM
118,54,64,13,42.7,0.98,4.0,2,9.6,HIGH
45,20,25,18,11.0,0.28,5.9,1,4.9,MEDIUM
106,94,12,3,24.9,0.8,1.3,1,6.1,MEDIUM
173,161,12,14,44.3,0.17,1.2,7,15.4,HIGH
140,107,33,19,40.2,0.35,6.9,2,10.9,HIGH
82,59,23,29,27.8,0.16,0.2,3,8.0,HIGH
145,96,49,29,38.4,0.34,1.3,4,8.7,HIGH
106,21,85,28,28.0,0.61,0.4,2,6.7,MEDIUM
132,13,119,16,12.6,1.49,0.1,0,3.8,MEDIUM
79,53,26,9,11.2,0.58,0.4,3,5.2,MEDIUM
178,125,53,16,13.9,0.66,1.7,4,7.1,HIGH
22,2,20,2,20.7,2.0,3.5,1,8.9,HIGH
58,51,7,21,45.1,0.07,1.0,3,9.5,HIGH
69,9,60,11,39.6,1.09,5.7,4,13.8,HIGH
139,42,97,13,24.2,1.49,1.7,2,9.1,HIGH
197,129,68,6,26.7,2.27,10.3,4,20.0,HIGH
14,2,12,10,17.2,0.24,9.2,1,6.4,MEDIUM
181,18,163,24,35.6,1.36,4.5,4,15.7,HIGH
36,12,24,9,39.7,0.53,8.1,1,10.4,HIGH
169,124,45,17,16.0,0.53,3.7,0,3.0,MEDIUM
158,66,92,15,7.8,1.23,6.8,3,8.8,HIGH
17,10,7,28,32.2,0.05,0.8,2,7.5,HIGH
59,33,26,26,29.6,0.2,1.3,6,14.1,HIGH
76,5,71,14,22.9,1.01,4.2,4,11.0,HIGH
53,49,4,24,33.0,0.03,1.7,3,7.1,HIGH
134,11,123,22,29.1,1.12,5.4,2,10.8,HIGH
67,61,6,14,16.5,0.09,6.3,0,0.6,LOW
12,6,6,6,22.7,0.2,1.1,2,5.6,MEDIUM
95,87,8,17,24.0,0.09,5.2,5,13.3,HIGH
79,12,67,27,43.0,0.5,0.5,1,6.5,MEDIUM
139,68,71,12,46.4,1.18,1.2,2,11.2,HIGH
181,36,145,23,43.5,1.26,2.2,3,12.8,HIGH
11,1,10,6,36.2,0.33,0.8,2,8.6,HIGH
111,67,44,14,30.6,0.63,2.6,2,8.0,HIGH
44,10,34,29,34.9,0.23,2.6,2,7.2,HIGH
107,61,46,12,45.4,0.77,0.7,5,12.6,HIGH
39,5,34,26,16.5,0.26,4.8,2,5.9,MEDIUM
125,43,82,20,28.5,0.82,3.0,0,4.8,MEDIUM
17,12,5,4,35.0,0.25,1.1,2,4.6,MEDIUM
159,70,89,16,34.5,1.11,0.8,2,7.6,HIGH
53,32,21,8,16.6,0.52,6.3,2,6.3,MEDIUM
195,123,72,8,30.6,1.8,5.4,3,13.4,HIGH
45,36,9,7,39.4,0.26,0.8,5,12.4,HIGH
86,29,57,4,26.0,2.85,0.1,2,15.1,HIGH
40,26,14,14,39.3,0.2,4.9,3,10.6,HIGH
56,51,5,8,21.1,0.12,2.9,3,9.7,HIGH
64,45,19,6,45.4,0.63,0.3,2,8.6,HIGH
115,56,59,24,28.4,0.49,2.7,3,7.8,HIGH
199,122,77,19,31.0,0.81,1.8,2,9.9,HIGH
167,119,48,23,7.3,0.42,4.5,1,6.1,MEDIUM
130,78,52,9,13.2,1.16,0.7,3,6.4,MEDIUM
64,4,60,18,32.6,0.67,1.8,3,11.0,HIGH
153,34,119,21,23.6,1.13,0.5,3,6.5,MEDIUM
21,16,5,28,27.3,0.04,9.5,0,9.0,HIGH
154,45,109,2,8.6,10.9,4.5,1,45.0,HIGH
153,108,45,15,41.0,0.6,4.0,3,12.1,HIGH
149,57,92,18,38.9,1.02,3.5,3,13.0,HIGH
145,75,70,11,13.8,1.27,1.7,0,4.1,MEDIUM
12,1,11,13,32.6,0.17,7.7,3,10.0,HIGH
153,32,121,17,40.4,1.42,0.2,1,10.0,HIGH
39,35,4,15,32.9,0.05,4.9,2,9.4,HIGH
32,27,5,28,19.0,0.04,0.7,3,4.7,MEDIUM
101,64,37,17,33.6,0.44,1.2,4,10.5,HIGH
124,57,67,9,14.8,1.49,2.2,1,4.4,MEDIUM
113,74,39,24,19.4,0.32,4.6,4,9.4,HIGH
127,77,50,29,16.1,0.34,5.5,5,10.7,HIGH
14,7,7,11,29.4,0.13,2.6,6,14.4,HIGH
113,11,102,18,10.5,1.13,1.5,4,11.5,HIGH
117,72,45,28,45.2,0.32,8.8,1,8.9,HIGH
74,54,20,19,20.0,0.21,0.8,0,2.3,MEDIUM
130,122,8,21,15.2,0.08,4.9,2,6.4,MEDIUM
39,2,37,17,26.9,0.44,2.8,2,4.8,MEDIUM
158,111,47,18,17.6,0.52,1.4,0,3.1,MEDIUM
93,52,41,17,28.5,0.48,0.0,3,6.0,MEDIUM
159,70,89,20,20.6,0.89,1.8,2,6.0,MEDIUM
41,6,35,25,11.5,0.28,1.0,3,4.7,MEDIUM
170,71,99,25,17.2,0.79,0.3,4,6.6,MEDIUM
25,9,16,9,24.4,0.36,0.2,1,5.1,MEDIUM
47,15,32,7,7.3,0.91,1.3,2,4.6,MEDIUM
151,106,45,7,38.4,1.29,2.9,2,10.1,HIGH
45,30,15,22,32.1,0.14,5.5,1,6.5,MEDIUM
160,92,68,10,31.3,1.36,0.6,5,14.5,HIGH
123,110,13,5,28.9,0.52,1.7,4,9.0,HIGH
75,27,48,27,30.8,0.36,1.5,3,9.0,HIGH
114,30,84,13,45.3,1.29,2.2,2,11.1,HIGH
94,60,34,29,6.4,0.23,5.0,3,6.1,MEDIUM
11,2,9,13,8.0,0.14,2.4,2,5.7,MEDIUM
84,28,56,24,14.0,0.47,5.6,3,10.6,HIGH
76,19,57,18,13.0,0.63,2.2,4,8.9,HIGH
189,21,168,16,13.6,2.1,2.8,2,10.1,HIGH
199,158,41,10,34.2,0.82,1.7,3,9.2,HIGH
160,44,116,8,25.3,2.9,5.2,1,16.8,HIGH
163,77,86,11,47.7,1.56,7.7,2,14.7,HIGH
64,5,59,17,15.5,0.69,3.1,2,4.7,MEDIUM
15,10,5,13,19.1,0.08,5.2,0,0.7,LOW
172,59,113,26,47.3,0.87,0.2,6,16.8,HIGH
159,114,45,8,40.9,1.12,7.1,2,10.8,HIGH
180,75,105,19,25.7,1.11,0.6,3,8.5,HIGH
152,34,118,16,29.3,1.48,0.9,3,12.4,HIGH
95,48,47,7,41.4,1.34,0.2,1,7.5,HIGH
69,11,58,27,26.2,0.43,10.1,1,9.4,HIGH
110,49,61,13,14.7,0.94,5.7,1,4.8,MEDIUM
21,7,14,12,40.8,0.23,7.3,1,9.8,HIGH
58,50,8,21,28.6,0.08,5.6,1,6.6,MEDIUM
51,5,46,4,12.4,2.3,2.0,7,20.2,HIGH
175,118,57,3,27.2,3.8,7.7,5,27.5,HIGH
91,19,72,7,23.4,2.06,10.5,3,17.2,HIGH
182,61,121,25,42.8,0.97,2.1,3,12.3,HIGH
44,18,26,23,11.3,0.23,0.6,2,6.2,MEDIUM
167,144,23,26,42.8,0.18,3.2,2,8.2,HIGH
167,44,123,6,27.5,4.1,11.1,1,26.3,HIGH
143,18,125,19,23.0,1.32,6.2,3,10.2,HIGH
76,25,51,17,12.8,0.6,5.9,2,6.6,MEDIUM
89,12,77,9,35.4,1.71,8.1,0,9.9,HIGH
16,2,14,26,44.9,0.11,6.7,3,11.5,HIGH
189,107,82,27,21.8,0.61,4.5,3,8.6,HIGH
23,2,21,21,16.1,0.2,3.8,1,5.3,MEDIUM
82,6,76,23,29.3,0.66,0.9,2,7.6,HIGH
152,105,47,12,39.4,0.78,2.9,4,14.3,HIGH
158,59,99,11,6.2,1.8,2.2,2,9.0,HIGH
172,28,144,25,32.5,1.15,5.9,1,10.6,HIGH
75,20,55,26,31.1,0.42,2.0,4,10.7,HIGH
100,62,38,13,19.4,0.58,0.4,2,4.2,MEDIUM
139,41,98,22,25.0,0.89,0.0,2,7.8,HIGH
172,85,87,29,16.4,0.6,3.4,4,10.9,HIGH
29,4,25,7,39.2,0.71,2.4,0,6.8,MEDIUM
19,11,8,28,32.7,0.06,1.2,1,5.7,MEDIUM
34,11,23,21,28.4,0.22,0.6,1,5.7,MEDIUM
34,20,14,6,22.5,0.47,1.9,3,7.3,HIGH
63,48,15,24,18.2,0.12,0.3,3,4.7,MEDIUM
42,25,17,10,40.6,0.34,1.2,6,15.0,HIGH
173,54,119,27,25.0,0.88,1.4,2,9.2,HIGH
104,29,75,28,27.1,0.54,1.9,4,10.4,HIGH
23,7,16,17,27.9,0.19,1.9,1,5.3,MEDIUM
74,14,60,23,24.8,0.52,0.9,2,6.1,MEDIUM
119,25,94,15,16.8,1.25,5.7,2,8.8,HIGH
89,67,22,23,11.1,0.19,1.3,1,1.9,LOW
63,24,39,9,10.1,0.87,0.8,3,7.7,HIGH
134,59,75,28,37.8,0.54,0.6,8,18.6,HIGH
189,110,79,21,15.4,0.75,1.2,3,5.2,MEDIUM
140,81,59,20,8.3,0.59,0.2,4,6.0,MEDIUM
178,19,159,15,39.5,2.12,0.1,2,11.3,HIGH
143,114,29,8,12.5,0.72,2.8,2,7.7,HIGH
34,7,27,6,32.3,0.9,2.9,2,7.7,HIGH
150,105,45,19,20.2,0.47,2.3,2,6.2,MEDIUM
126,93,33,3,11.3,2.2,4.3,5,18.9,HIGH
145,100,45,12,23.4,0.75,0.1,2,6.4,MEDIUM
158,90,68,23,6.6,0.59,8.2,5,13.2,HIGH
34,2,32,9,41.3,0.71,0.3,3,9.3,HIGH
88,32,56,2,27.6,5.6,3.4,3,33.2,HIGH
77,45,32,28,11.8,0.23,0.4,4,5.9,MEDIUM
182,72,110,23,16.0,0.96,6.4,5,10.4,HIGH
197,162,35,13,24.8,0.54,2.1,2,6.6,MEDIUM
21,6,15,3,13.9,1.0,0.3,1,4.4,MEDIUM
41,12,29,19,17.3,0.31,2.9,2,4.6,MEDIUM
137,39,98,8,28.4,2.45,0.0,2,12.5,HIGH
105,36,69,27,41.0,0.51,4.5,2,9.6,HIGH
101,55,46,18,22.9,0.51,3.2,3,7.4,HIGH
150,102,48,23,36.1,0.42,0.7,1,6.7,MEDIUM
40,25,15,24,42.8,0.12,1.4,2,8.6,HIGH
87,67,20,15,15.1,0.27,0.0,2,5.8,MEDIUM
29,24,5,25,39.9,0.04,3.5,2,7.8,HIGH
155,121,34,8,37.8,0.85,1.2,1,7.3,HIGH
69,4,65,23,21.0,0.57,2.5,2,6.4,MEDIUM
143,101,42,26,47.6,0.32,9.4,5,16.8,HIGH
169,40,129,4,17.0,6.45,1.1,3,32.4,HIGH
102,17,85,28,16.7,0.61,13.9,3,12.4,HIGH
52,32,20,7,38.4,0.57,3.0,6,18.3,HIGH
139,46,93,21,24.3,0.89,0.8,2,8.0,HIGH
69,6,63,3,19.9,4.2,1.7,6,30.8,HIGH
160,27,133,18,13.5,1.48,4.0,2,9.2,HIGH
40,2,38,13,38.1,0.58,1.8,3,10.0,HIGH
14,12,2,13,39.0,0.03,0.2,1,5.9,MEDIUM
171,12,159,18,29.8,1.77,0.6,2,11.6,HIGH
19,4,15,28,46.2,0.11,4.7,1,6.3,MEDIUM
98,41,57,11,19.4,1.04,3.1,3,9.4,HIGH
139,51,88,4,15.2,4.4,2.5,4,25.9,HIGH
135,117,18,21,34.5,0.17,0.6,5,13.2,HIGH
20,1,19,19,37.9,0.2,5.5,3,11.2,HIGH
187,95,92,14,15.4,1.31,9.7,2,7.1,HIGH
168,111,57,13,9.2,0.88,0.1,4,8.9,HIGH
65,57,8,28,40.0,0.06,0.2,4,7.7,HIGH
92,55,37,28,47.0,0.26,6.5,4,15.8,HIGH
146,112,34,28,33.1,0.24,5.1,2,7.4,HIGH
108,13,95,18,17.7,1.06,2.9,2,5.6,MEDIUM
158,62,96,5,47.9,3.84,8.7,0,23.0,HIGH
82,31,51,24,43.5,0.42,3.1,2,8.5,HIGH
165,139,26,11,27.6,0.47,0.7,1,4.5,MEDIUM
199,37,162,12,40.7,2.7,3.9,3,18.7,HIGH
124,23,101,7,40.3,2.89,3.1,2,18.4,HIGH
16,5,11,7,45.3,0.31,12.8,4,14.8,HIGH
89,8,81,28,41.3,0.58,0.7,3,9.9,HIGH
153,32,121,10,33.0,2.42,2.7,2,16.7,HIGH
106,97,9,16,31.6,0.11,4.5,4,10.3,HIGH
13,5,8,3,25.6,0.53,1.2,1,5.5,MEDIUM
13,8,5,5,32.3,0.2,1.4,3,6.7,MEDIUM
112,78,34,6,39.4,1.13,6.6,4,15.8,HIGH
49,18,31,18,46.7,0.34,1.6,1,9.0,HIGH
26,4,22,9,25.6,0.49,2.9,2,8.6,HIGH
110,25,85,9,30.1,1.89,6.6,2,13.6,HIGH
112,37,75,23,24.7,0.65,0.7,5,11.9,HIGH
133,82,51,13,34.1,0.78,12.0,4,14.1,HIGH
61,24,37,22,32.5,0.34,3.6,1,5.8,MEDIUM
61,3,58,9,6.7,1.29,2.1,3,7.6,HIGH
173,90,83,20,28.7,0.83,1.7,3,9.7,HIGH
133,116,17,4,9.7,0.85,9.3,2,8.2,HIGH
175,136,39,19,7.1,0.41,0.7,4,8.4,HIGH
187,148,39,22,39.2,0.35,1.1,3,12.5,HIGH
72,55,17,20,16.9,0.17,1.1,1,3.3,MEDIUM
125,42,83,20,20.3,0.83,1.0,1,6.2,MEDIUM
71,52,19,16,8.7,0.24,1.9,1,1.5,LOW
16,2,14,7,13.5,0.4,13.6,0,6.2,MEDIUM
164,105,59,17,38.2,0.69,6.6,3,12.6,HIGH
101,63,38,9,26.7,0.84,1.2,3,8.9,HIGH
23,1,22,17,43.0,0.26,1.6,4,13.9,HIGH
95,72,23,19,22.7,0.24,3.3,2,5.2,MEDIUM
142,122,20,21,17.3,0.19,0.1,5,9.0,HIGH
192,55,137,17,20.6,1.61,5.1,2,7.0,MEDIUM
139,108,31,12,35.9,0.52,6.4,4,13.6,HIGH
71,8,63,8,29.3,1.58,5.8,3,13.5,HIGH
158,93,65,18,44.0,0.72,1.4,2,9.5,HIGH
88,42,46,18,31.3,0.51,1.9,4,11.1,HIGH
158,85,73,13,26.7,1.12,0.0,3,8.3,HIGH
147,129,18,14,39.0,0.26,1.5,4,9.6,HIGH
67,55,12,11,45.8,0.22,1.9,2,7.7,HIGH
129,97,32,8,20.9,0.8,7.1,4,10.8,HIGH
176,52,124,15,16.5,1.65,6.7,4,11.8,HIGH
142,123,19,24,31.9,0.16,10.2,4,11.6,HIGH
74,10,64,2,27.0,6.4,6.5,1,33.9,HIGH
22,17,5,18,47.5,0.06,0.0,3,9.2,HIGH
190,65,125,5,25.4,5.0,3.1,3,29.4,HIGH
91,8,83,22,9.1,0.75,0.2,4,6.7,MEDIUM
182,118,64,6,47.0,2.13,1.0,2,13.8,HIGH
169,43,126,21,41.4,1.2,2.6,3,11.6,HIGH
173,46,127,25,13.5,1.02,3.6,0,4.3,MEDIUM
197,64,133,24,44.0,1.11,3.2,3,11.3,HIGH
148,15,133,26,20.3,1.02,0.2,3,7.2,HIGH
158,33,125,8,21.8,3.12,0.3,3,18.9,HIGH
61,3,58,11,44.1,1.05,0.4,3,10.6,HIGH
192,86,106,18,28.3,1.18,0.3,3,7.9,HIGH
126,15,111,8,11.8,2.78,0.6,2,13.4,HIGH
35,23,12,2,21.5,1.2,3.5,0,3.9,MEDIUM
43,11,32,8,36.3,0.8,5.3,4,10.1,HIGH
61,54,7,27,13.3,0.05,1.6,2,4.2,MEDIUM
121,100,21,25,30.8,0.17,3.5,3,9.8,HIGH
91,28,63,12,35.2,1.05,0.7,3,10.3,HIGH
189,142,47,10,20.4,0.94,10.9,3,13.2,HIGH
166,128,38,13,35.1,0.58,1.3,4,11.9,HIGH
175,164,11,4,43.1,0.55,5.6,1,8.1,HIGH
51,29,22,5,25.8,0.88,8.7,3,14.2,HIGH
30,3,27,5,22.1,1.08,6.0,4,12.5,HIGH
51,32,19,29,16.5,0.13,0.2,2,4.2,MEDIUM
150,91,59,26,31.4,0.45,3.2,0,3.4,MEDIUM
122,76,46,14,43.0,0.66,0.4,3,8.6,HIGH
114,37,77,24,19.6,0.64,0.0,3,5.5,MEDIUM
26,21,5,20,22.6,0.05,0.2,2,5.5,MEDIUM
129,117,12,11,23.1,0.22,7.4,6,16.2,HIGH
146,35,111,6,29.6,3.7,7.2,3,25.0,HIGH
178,23,155,8,15.6,3.88,0.8,2,19.5,HIGH
138,31,107,25,40.5,0.86,2.4,3,12.5,HIGH
139,109,30,17,18.4,0.35,9.3,1,8.1,HIGH
69,45,24,2,35.6,2.4,2.1,4,16.5,HIGH
57,35,22,13,27.6,0.34,1.5,2,8.2,HIGH
38,15,23,3,30.6,1.53,2.0,3,10.9,HIGH
106,60,46,8,13.5,1.15,4.7,3,10.6,HIGH
19,6,13,12,36.9,0.22,1.9,3,7.9,HIGH
67,32,35,14,13.9,0.5,4.6,2,7.4,HIGH
197,150,47,3,10.8,3.13,1.7,0,10.9,HIGH
30,27,3,8,29.0,0.08,0.9,1,5.4,MEDIUM
37,32,5,16,35.8,0.06,1.2,5,12.4,HIGH
43,38,5,26,8.1,0.04,0.2,3,3.1,MEDIUM
17,7,10,12,8.9,0.17,2.1,2,5.9,MEDIUM
196,92,104,3,39.7,6.93,0.5,1,36.1,HIGH
186,127,59,8,40.0,1.48,5.0,4,16.7,HIGH
88,77,11,5,16.3,0.44,1.6,3,6.6,MEDIUM
154,27,127,12,31.8,2.12,4.3,1,10.8,HIGH
197,63,134,3,24.6,8.93,9.3,2,45.0,HIGH
96,16,80,17,32.6,0.94,5.7,1,13.2,HIGH
97,58,39,8,42.2,0.98,9.1,2,15.7,HIGH
182,59,123,14,9.4,1.76,2.5,3,10.3,HIGH
78,26,52,6,38.7,1.73,0.5,2,11.9,HIGH
169,19,150,18,26.7,1.67,8.2,2,13.8,HIGH
181,66,115,22,29.7,1.05,6.1,3,10.1,HIGH
96,79,17,13,33.5,0.26,6.0,3,11.2,HIGH
110,28,82,29,44.8,0.57,3.5,0,8.2,HIGH
17,11,6,20,8.4,0.06,2.9,2,4.9,MEDIUM
86,53,33,8,7.2,0.82,0.0,1,5.1,MEDIUM
96,79,17,7,13.5,0.49,4.1,2,6.1,MEDIUM
52,8,44,9,47.4,0.98,0.3,5,16.4,HIGH
138,128,10,14,36.0,0.14,0.9,3,8.8,HIGH
118,67,51,6,31.8,1.7,2.4,5,13.9,HIGH
188,177,11,3,8.0,0.73,1.8,3,8.3,HIGH
161,140,21,10,42.9,0.42,0.0,3,11.3,HIGH
161,40,121,12,40.1,2.02,5.2,6,21.2,HIGH
26,2,24,25,33.9,0.19,6.3,2,7.2,HIGH
142,39,103,7,20.2,2.94,3.4,3,18.8,HIGH
157,82,75,27,9.0,0.56,2.3,4,8.9,HIGH
30,6,24,8,30.4,0.6,9.7,4,14.1,HIGH
67,13,54,26,36.2,0.42,0.4,2,7.6,HIGH
168,78,90,8,10.0,2.25,4.0,7,21.3,HIGH
119,9,110,20,32.6,1.1,0.4,2,8.7,HIGH
148,23,125,7,18.0,3.57,1.4,3,19.3,HIGH
189,80,109,12,38.1,1.82,2.6,4,13.9,HIGH
152,16,136,12,28.7,2.27,4.0,2,13.6,HIGH
144,58,86,8,11.4,2.15,0.0,1,9.5,HIGH
37,17,20,3,28.1,1.33,0.9,4,11.2,HIGH
60,27,33,20,22.6,0.33,2.3,3,8.5,HIGH
195,162,33,5,13.6,1.32,2.3,2,5.4,MEDIUM
14,7,7,27,41.3,0.05,3.0,1,5.5,MEDIUM
14,6,8,7,6.5,0.23,1.1,5,7.7,HIGH
103,43,60,18,19.1,0.67,2.3,0,3.0,MEDIUM
105,82,23,26,6.5,0.18,0.6,1,4.4,MEDIUM
17,14,3,6,10.0,0.1,0.6,3,8.0,HIGH
73,59,14,29,18.5,0.1,2.6,1,4.5,MEDIUM
147,96,51,8,8.3,1.27,3.5,1,3.5,MEDIUM
47,8,39,10,31.1,0.78,0.4,2,6.5,MEDIUM
120,35,85,26,9.6,0.65,0.4,5,6.0,MEDIUM
121,11,110,2,35.5,11.0,2.5,5,45.0,HIGH
90,79,11,2,8.2,1.1,0.9,3,9.6,HIGH
145,93,52,20,8.5,0.52,1.5,4,9.1,HIGH
113,81,32,7,18.8,0.91,1.5,3,5.8,MEDIUM
162,53,109,19,43.7,1.15,0.6,4,15.0,HIGH
82,66,16,11,32.9,0.29,0.0,4,11.0,HIGH
187,53,134,29,38.3,0.92,5.8,0,9.6,HIGH
58,2,56,12,11.9,0.93,3.8,2,8.2,HIGH
45,17,28,2,41.0,2.8,3.5,2,17.9,HIGH
135,76,59,2,6.3,5.9,2.4,2,28.4,HIGH
77,37,40,14,14.9,0.57,3.6,3,8.9,HIGH
87,71,16,6,31.9,0.53,8.2,1,9.4,HIGH
114,16,98,21,21.8,0.93,3.3,3,6.7,MEDIUM
178,97,81,2,47.3,8.1,0.9,3,45.0,HIGH
131,67,64,21,7.3,0.61,2.5,3,6.0,MEDIUM
128,38,90,4,47.9,4.5,1.8,3,30.3,HIGH
199,157,42,19,32.2,0.44,2.4,1,6.0,MEDIUM
123,89,34,10,29.5,0.68,2.2,1,5.7,MEDIUM
19,13,6,15,8.5,0.08,5.9,3,6.8,MEDIUM
158,132,26,28,17.5,0.19,3.2,2,3.8,MEDIUM
173,121,52,18,44.8,0.58,0.6,5,15.0,HIGH
149,38,111,24,20.9,0.92,0.2,2,5.2,MEDIUM
100,68,32,15,33.8,0.43,1.7,1,7.3,HIGH
11,3,8,5,48.0,0.32,0.0,4,10.2,HIGH
127,34,93,6,17.0,3.1,1.1,5,19.8,HIGH
22,2,20,27,30.2,0.15,1.4,2,8.6,HIGH
190,136,54,22,35.3,0.49,1.4,0,4.8,MEDIUM
169,116,53,18,12.9,0.59,11.6,2,8.6,HIGH
104,27,77,23,12.2,0.67,1.1,2,4.4,MEDIUM
153,110,43,26,25.2,0.33,0.9,3,6.2,MEDIUM
41,35,6,3,22.2,0.4,0.4,2,5.7,MEDIUM
41,6,35,24,36.0,0.29,2.1,4,12.0,HIGH
133,34,99,23,8.9,0.86,0.5,2,5.6,MEDIUM
20,14,6,6,46.8,0.2,2.9,3,11.0,HIGH
19,5,14,5,6.6,0.56,0.5,2,5.4,MEDIUM
24,14,10,5,31.3,0.4,2.6,1,4.1,MEDIUM
26,3,23,7,29.6,0.66,5.3,3,10.9,HIGH
177,80,97,21,11.7,0.92,0.1,3,7.4,HIGH
155,110,45,22,12.3,0.41,1.6,1,3.5,MEDIUM
192,128,64,14,39.3,0.91,1.9,3,10.4,HIGH
162,126,36,23,43.3,0.31,4.7,2,8.9,HIGH
68,57,11,6,17.9,0.37,1.9,4,6.7,MEDIUM
87,64,23,24,24.4,0.19,2.5,5,12.5,HIGH
133,87,46,26,20.9,0.35,4.7,3,8.1,HIGH
123,9,114,27,9.0,0.84,2.5,1,4.0,MEDIUM
31,16,15,24,34.3,0.12,1.3,0,2.9,MEDIUM
167,14,153,8,40.7,3.82,0.3,2,21.4,HIGH
181,140,41,21,18.8,0.39,3.9,3,7.0,MEDIUM
41,13,28,2,47.6,2.8,6.1,5,26.8,HIGH
188,104,84,15,9.2,1.12,10.5,5,15.4,HIGH
183,55,128,25,33.8,1.02,7.8,4,15.5,HIGH
122,92,30,5,24.8,1.2,4.8,3,11.9,HIGH
129,109,20,18,24.8,0.22,3.1,5,13.7,HIGH
158,64,94,22,25.2,0.85,4.6,4,11.6,HIGH
131,108,23,15,16.9,0.31,1.7,2,4.2,MEDIUM
41,11,30,17,36.1,0.35,2.7,3,10.2,HIGH
128,67,61,15,36.3,0.81,1.3,1,7.8,HIGH
48,39,9,17,17.9,0.11,1.2,2,4.2,MEDIUM
21,7,14,25,41.1,0.11,4.2,3,9.4,HIGH
184,167,17,21,19.3,0.16,1.8,2,5.0,MEDIUM
27,4,23,29,36.5,0.16,0.7,3,9.2,HIGH
158,10,148,9,11.1,3.29,0.7,1,15.1,HIGH
150,129,21,25,13.1,0.17,5.9,3,5.3,MEDIUM
158,17,141,4,19.3,7.05,3.4,1,34.1,HIGH
135,127,8,26,30.9,0.06,2.4,2,7.4,HIGH
145,131,14,20,33.1,0.14,1.5,3,7.8,HIGH
55,9,46,2,22.6,4.6,1.7,2,27.2,HIGH
113,60,53,3,9.3,3.53,0.2,1,17.3,HIGH
144,31,113,16,21.7,1.41,1.8,2,6.4,MEDIUM
160,69,91,23,34.9,0.79,4.8,3,12.6,HIGH
95,10,85,29,34.2,0.59,1.5,2,9.8,HIGH
159,39,120,11,12.7,2.18,1.5,2,10.2,HIGH
98,36,62,19,6.3,0.65,0.0,3,6.2,MEDIUM
31,13,18,23,37.6,0.16,1.8,3,8.5,HIGH
101,93,8,15,10.5,0.11,0.1,2,2.1,MEDIUM
38,29,9,18,9.5,0.1,2.5,2,6.3,MEDIUM
22,15,7,28,6.1,0.05,2.1,2,1.0,LOW
11,5,6,14,24.2,0.09,5.5,2,6.0,MEDIUM
38,30,8,2,27.1,0.8,2.6,1,5.6,MEDIUM
189,67,122,6,32.8,4.07,1.2,4,26.4,HIGH
36,24,12,27,18.4,0.09,2.2,0,0.0,LOW
59,55,4,14,35.8,0.06,3.6,1,7.8,HIGH
104,34,70,28,13.1,0.5,0.3,4,5.4,MEDIUM
160,105,55,26,40.9,0.42,2.9,2,6.9,MEDIUM
97,78,19,15,30.0,0.25,7.5,2,8.9,HIGH
53,46,7,25,30.5,0.06,1.1,2,4.4,MEDIUM
31,21,10,4,14.8,0.5,3.0,0,2.6,MEDIUM
180,54,126,16,9.1,1.58,5.2,1,6.6,MEDIUM
174,59,115,20,25.5,1.15,2.2,1,7.5,HIGH
198,13,185,18,31.9,2.06,3.8,3,13.9,HIGH
106,77,29,4,10.0,1.45,1.1,4,11.8,HIGH
193,17,176,17,45.9,2.07,1.1,5,20.1,HIGH
12,9,3,15,47.2,0.04,3.3,2,8.4,HIGH
127,19,108,13,28.9,1.66,3.7,2,11.6,HIGH
28,5,23,29,45.9,0.16,8.3,7,19.5,HIGH
32,15,17,13,13.5,0.26,0.8,2,5.1,MEDIUM
166,118,48,12,7.1,0.8,1.9,3,8.1,HIGH
39,6,33,18,7.7,0.37,0.9,5,9.6,HIGH
48,21,27,9,30.7,0.6,0.3,2,6.9,MEDIUM
117,56,61,18,8.6,0.68,1.5,2,6.4,MEDIUM
120,28,92,22,46.3,0.84,1.4,4,14.8,HIGH
34,5,29,26,12.0,0.22,0.9,2,4.2,MEDIUM
137,109,28,24,18.8,0.23,1.1,0,2.1,MEDIUM
120,60,60,21,40.5,0.57,1.3,1,8.2,HIGH
145,9,136,12,15.2,2.27,13.5,1,16.3,HIGH
115,88,27,26,16.2,0.21,4.6,1,5.7,MEDIUM
195,181,14,26,33.0,0.11,0.2,3,8.9,HIGH
153,91,62,3,17.6,4.13,6.2,0,19.4,HIGH
81,40,41,11,15.1,0.75,3.0,5,9.3,HIGH
138,115,23,11,16.7,0.42,6.6,4,10.8,HIGH
117,106,11,12,26.6,0.18,1.3,1,4.8,MEDIUM
14,10,4,29,46.6,0.03,1.9,5,12.9,HIGH
12,5,7,7,41.0,0.2,6.8,4,11.7,HIGH
141,82,59,5,18.0,2.36,1.0,4,17.0,HIGH
113,76,37,25,21.3,0.3,7.4,2,8.1,HIGH
73,16,57,13,25.5,0.88,5.3,3,8.9,HIGH
115,52,63,12,47.1,1.05,11.8,4,18.0,HIGH
107,85,22,24,13.2,0.18,1.2,1,0.9,LOW
19,12,7,24,21.0,0.06,0.8,2,5.2,MEDIUM
158,66,92,28,36.6,0.66,1.2,2,10.5,HIGH
137,88,49,27,46.5,0.36,9.3,2,12.1,HIGH
55,8,47,26,12.5,0.36,1.2,2,4.4,MEDIUM
164,67,97,14,15.5,1.39,2.5,1,5.4,MEDIUM
75,57,18,6,15.5,0.6,1.6,1,3.3,MEDIUM
178,44,134,7,6.9,3.83,1.5,4,21.7,HIGH
121,26,95,2,31.4,9.5,0.6,6,45.0,HIGH
22,19,3,7,34.2,0.09,2.3,5,12.1,HIGH
146,34,112,19,31.3,1.18,5.7,3,12.1,HIGH
173,49,124,23,9.0,1.08,0.2,6,11.8,HIGH
95,87,8,10,8.9,0.16,6.6,2,4.7,MEDIUM
99,70,29,25,14.8,0.23,3.3,2,6.2,MEDIUM
67,45,22,26,18.2,0.17,2.9,3,8.4,HIGH
63,51,12,16,39.0,0.15,2.9,4,9.1,HIGH
21,3,18,27,12.7,0.13,1.1,2,4.8,MEDIUM
23,15,8,9,7.9,0.18,1.6,6,11.7,HIGH
130,65,65,20,22.5,0.65,4.8,2,9.1,HIGH
171,136,35,25,23.5,0.28,1.1,2,6.8,MEDIUM
190,96,94,17,24.9,1.11,1.9,1,9.4,HIGH
130,79,51,7,40.7,1.46,0.1,2,10.7,HIGH
29,13,16,7,10.1,0.46,4.0,3,8.6,HIGH
84,40,44,23,35.6,0.38,1.6,2,7.7,HIGH
153,113,40,4,20.2,2.0,2.2,3,11.3,HIGH
79,48,31,11,19.0,0.56,0.4,2,5.9,MEDIUM
65,40,25,2,45.2,2.5,14.4,0,20.0,HIGH
110,50,60,29,16.4,0.41,1.1,1,3.4,MEDIUM
195,102,93,15,33.0,1.24,3.0,4,10.9,HIGH
141,101,40,5,17.6,1.6,2.6,3,8.2,HIGH
120,95,25,27,27.3,0.19,4.6,2,8.1,HIGH
134,90,44,13,39.0,0.68,1.0,1,6.5,MEDIUM
141,124,17,7,43.0,0.49,4.2,0,7.3,HIGH
29,22,7,12,41.2,0.12,1.4,2,8.4,HIGH
147,81,66,13,30.5,1.02,1.6,1,6.6,MEDIUM
33,21,12,11,16.5,0.22,3.4,2,4.8,MEDIUM
163,144,19,19,33.8,0.2,4.6,1,6.4,MEDIUM
46,27,19,8,35.8,0.48,3.3,2,9.3,HIGH
63,49,14,8,6.4,0.35,6.9,3,8.9,HIGH
112,75,37,12,24.4,0.62,1.0,3,6.9,MEDIUM
158,86,72,5,41.4,2.88,6.9,6,26.8,HIGH
47,12,35,21,26.6,0.33,0.4,1,2.8,MEDIUM
183,79,104,2,19.1,10.4,3.2,2,45.0,HIGH
13,11,2,14,42.6,0.03,2.4,1,6.1,MEDIUM
197,126,71,19,12.5,0.75,2.0,2,6.5,MEDIUM
66,36,30,10,14.7,0.6,1.1,3,6.3,MEDIUM
182,161,21,27,34.9,0.16,2.1,2,8.6,HIGH
29,16,13,25,20.8,0.1,0.5,3,7.6,HIGH
26,13,13,25,35.9,0.1,1.4,3,9.1,HIGH
128,93,35,10,12.6,0.7,0.3,2,4.5,MEDIUM
80,55,25,24,16.6,0.21,2.5,3,5.2,MEDIUM
13,2,11,10,12.6,0.22,0.3,6,11.4,HIGH
23,10,13,11,46.0,0.24,0.5,1,6.8,MEDIUM
12,5,7,29,23.0,0.05,0.3,2,4.5,MEDIUM
89,34,55,3,20.2,3.67,1.4,2,18.7,HIGH
195,100,95,7,6.6,2.71,5.5,3,15.1,HIGH
64,26,38,16,12.4,0.48,7.1,3,10.0,HIGH
141,32,109,4,23.7,5.45,0.2,3,30.0,HIGH
129,54,75,12,8.9,1.25,3.0,1,3.4,MEDIUM
33,3,30,7,27.5,0.86,3.5,1,6.5,MEDIUM
171,97,74,4,25.1,3.7,2.3,3,20.4,HIGH
167,136,31,25,38.2,0.25,3.3,3,10.7,HIGH
91,63,28,12,33.7,0.47,0.8,0,4.6,MEDIUM
156,58,98,16,24.7,1.23,2.0,3,11.5,HIGH
168,21,147,14,15.4,2.1,1.5,4,11.8,HIGH
197,45,152,21,36.5,1.45,0.3,3,13.0,HIGH
69,37,32,29,35.7,0.22,2.9,6,14.8,HIGH
156,36,120,11,12.4,2.18,2.1,1,7.7,HIGH
58,31,27,7,44.4,0.77,1.0,4,15.0,HIGH
72,18,54,16,8.7,0.68,1.9,2,5.3,MEDIUM
119,96,23,26,8.3,0.18,4.5,4,7.2,HIGH
159,64,95,19,13.9,1.0,4.9,0,5.5,MEDIUM
161,43,118,19,44.2,1.24,3.1,5,15.0,HIGH
118,92,26,8,27.8,0.65,1.9,4,11.8,HIGH
85,30,55,16,39.1,0.69,2.6,0,5.8,MEDIUM
39,5,34,19,15.6,0.36,1.5,4,7.4,HIGH
67,37,30,19,26.6,0.32,0.4,3,5.7,MEDIUM
126,72,54,21,21.0,0.51,1.5,2,4.5,MEDIUM
168,116,52,10,40.8,1.04,2.3,3,12.0,HIGH
109,29,80,25,6.9,0.64,2.7,1,2.2,MEDIUM
28,12,16,3,16.2,1.07,8.2,3,11.3,HIGH
185,56,129,9,12.4,2.87,4.5,3,16.5,HIGH
182,22,160,21,42.1,1.52,0.5,1,8.7,HIGH
103,86,17,3,25.6,1.13,0.6,5,12.9,HIGH
192,135,57,12,23.0,0.95,0.3,1,4.7,MEDIUM
122,39,83,27,24.9,0.61,4.0,1,7.4,HIGH
192,113,79,8,46.8,1.98,3.7,4,15.9,HIGH
155,35,120,7,41.7,3.43,12.9,1,25.1,HIGH
72,61,11,11,35.7,0.2,2.2,2,7.5,HIGH
125,19,106,6,18.2,3.53,5.3,3,20.5,HIGH
122,6,116,12,12.9,1.93,2.6,2,11.0,HIGH
56,28,28,2,44.7,2.8,6.2,1,19.3,HIGH
66,37,29,3,23.8,1.93,3.8,2,11.8,HIGH
127,72,55,25,17.7,0.44,3.1,2,5.4,MEDIUM
54,5,49,2,25.8,4.9,2.5,2,26.0,HIGH
170,56,114,20,44.5,1.14,3.9,2,10.3,HIGH
154,76,78,3,22.3,5.2,1.6,1,27.6,HIGH
13,3,10,22,29.6,0.09,0.3,2,6.6,MEDIUM
157,131,26,21,39.7,0.25,0.1,0,4.8,MEDIUM
56,7,49,24,23.9,0.41,2.0,2,5.6,MEDIUM
152,74,78,22,15.8,0.71,2.7,1,6.7,MEDIUM
56,37,19,25,47.8,0.15,0.2,2,7.6,HIGH
87,24,63,5,46.2,2.52,1.0,2,16.4,HIGH
133,81,52,13,41.4,0.8,1.2,1,9.9,HIGH
84,66,18,23,34.9,0.16,2.5,1,5.7,MEDIUM
112,24,88,21,18.4,0.84,1.0,0,4.7,MEDIUM
146,127,19,19,44.4,0.2,0.3,5,13.3,HIGH
99,54,45,2,17.6,4.5,0.5,3,23.7,HIGH
153,48,105,2,39.6,10.5,0.6,2,45.0,HIGH
78,34,44,25,44.6,0.35,5.5,4,12.8,HIGH
70,23,47,15,31.3,0.63,1.0,3,9.7,HIGH
147,103,44,5,39.7,1.76,3.8,1,12.9,HIGH
59,45,14,6,39.3,0.47,2.5,2,9.3,HIGH
12,9,3,12,14.1,0.05,11.3,5,13.0,HIGH
116,108,8,25,34.1,0.06,1.0,1,3.6,MEDIUM
122,92,30,29,9.9,0.21,0.5,4,8.4,HIGH
103,60,43,24,27.3,0.36,0.2,5,11.6,HIGH
127,45,82,14,12.8,1.17,0.8,1,4.9,MEDIUM
90,48,42,17,23.5,0.49,3.5,3,8.1,HIGH
118,10,108,25,41.0,0.86,0.3,1,7.5,HIGH
60,43,17,14,47.5,0.24,0.8,1,6.1,MEDIUM
156,70,86,25,19.4,0.69,5.8,2,5.8,MEDIUM
179,12,167,23,28.3,1.45,2.6,1,7.4,HIGH
44,4,40,27,27.5,0.3,0.2,3,6.2,MEDIUM
55,21,34,3,46.1,2.27,0.1,3,16.2,HIGH
163,93,70,17,26.1,0.82,0.2,2,6.1,MEDIUM
78,36,42,7,35.4,1.2,8.5,3,13.7,HIGH
102,61,41,15,44.7,0.55,5.7,4,14.0,HIGH
73,35,38,2,21.7,3.8,5.6,2,18.1,HIGH
174,112,62,18,43.9,0.69,7.7,1,10.8,HIGH
58,14,44,12,44.5,0.73,2.1,2,10.1,HIGH
158,23,135,20,45.1,1.35,0.9,4,15.3,HIGH
83,48,35,4,17.4,1.75,1.5,1,6.8,MEDIUM
14,6,8,12,22.8,0.13,3.8,2,7.3,HIGH
109,8,101,6,42.6,3.37,6.3,3,24.3,HIGH
79,31,48,18,21.1,0.53,1.7,3,7.9,HIGH
99,14,85,27,31.2,0.63,2.3,3,8.3,HIGH
13,6,7,23,11.0,0.06,8.1,3,9.5,HIGH
135,54,81,8,8.4,2.02,0.3,3,12.6,HIGH
48,28,20,11,23.3,0.36,5.9,2,9.7,HIGH
172,133,39,29,30.3,0.27,0.5,2,5.5,MEDIUM
138,44,94,12,22.5,1.57,2.0,2,9.3,HIGH
33,30,3,4,30.3,0.15,0.7,3,5.8,MEDIUM
66,35,31,21,27.6,0.3,2.8,2,4.5,MEDIUM
109,66,43,11,34.8,0.78,2.5,2,9.5,HIGH
79,52,27,28,33.3,0.19,1.4,5,11.5,HIGH
50,32,18,11,23.8,0.33,6.0,3,7.6,HIGH
191,97,94,15,23.8,1.25,3.2,4,11.9,HIGH
183,79,104,13,11.9,1.6,3.8,1,8.1,HIGH
69,6,63,16,27.6,0.79,0.5,1,5.4,MEDIUM
117,8,109,11,30.7,1.98,6.4,2,15.3,HIGH
197,73,124,11,26.0,2.25,0.5,1,9.8,HIGH
66,23,43,27,19.7,0.32,0.8,7,14.1,HIGH
40,15,25,20,36.3,0.25,0.4,2,6.5,MEDIUM
93,16,77,2,9.1,7.7,1.7,3,42.9,HIGH
161,115,46,25,44.4,0.37,6.6,2,9.4,HIGH
45,36,9,27,6.9,0.07,0.9,0,0.8,LOW
167,149,18,11,46.4,0.33,1.4,5,14.1,HIGH
161,79,82,3,25.4,5.47,5.6,1,30.0,HIGH
117,79,38,18,23.3,0.42,2.9,1,4.4,MEDIUM
115,94,21,25,16.8,0.17,4.2,5,10.7,HIGH
167,71,96,8,6.4,2.4,0.7,2,11.3,HIGH
95,31,64,8,17.5,1.6,3.8,2,8.2,HIGH
144,128,16,21,10.6,0.15,0.8,1,4.0,MEDIUM
172,88,84,28,33.7,0.6,13.1,2,12.5,HIGH
192,95,97,10,19.4,1.94,2.5,3,10.2,HIGH
23,4,19,23,38.2,0.17,3.6,2,7.5,HIGH
129,19,110,3,14.7,7.33,0.4,3,40.7,HIGH
147,118,29,15,43.8,0.39,0.9,2,7.5,HIGH
89,53,36,18,28.0,0.4,0.5,2,6.7,MEDIUM
153,52,101,2,10.8,10.1,1.5,2,45.0,HIGH
191,42,149,10,22.8,2.98,1.0,2,14.0,HIGH
115,63,52,21,14.7,0.5,4.0,1,4.9,MEDIUM
79,45,34,22,14.4,0.31,0.3,2,3.6,MEDIUM
53,12,41,20,27.3,0.41,4.2,4,12.6,HIGH
82,66,16,5,34.2,0.64,0.1,2,8.8,HIGH
54,6,48,29,44.3,0.33,0.7,3,11.6,HIGH
193,71,122,9,27.1,2.71,4.7,3,19.4,HIGH
116,76,40,14,46.6,0.57,4.1,4,14.7,HIGH
93,27,66,5,45.5,2.64,1.9,1,14.5,HIGH
91,72,19,10,42.3,0.38,0.2,3,9.4,HIGH
116,83,33,10,27.0,0.66,2.8,3,9.9,HIGH
194,147,47,23,11.9,0.41,1.6,4,7.6,HIGH
30,4,26,19,15.2,0.27,1.1,4,7.4,HIGH
187,33,154,13,33.2,2.37,3.1,0,12.6,HIGH
170,52,118,11,23.7,2.15,1.7,1,11.5,HIGH
16,8,8,12,12.2,0.13,0.3,2,2.5,MEDIUM
